Id,Price
725,163099.1878
15856,255959.7534
5480,195286.1144
15664,347345.4014
14275,132953.905
7633,196540.7753
13329,143381.1248
5502,217594.0353
4220,290810.8918
11538,205883.1939
15975,278125.1803
3310,222788.6255
9286,147639.0849
11260,196787.3518
5214,105691.8959
11307,186796.1468
13543,380067.3593
615,178837.4503
3495,189217.429
2321,236355.1025
12046,194246.2511
16688,142384.3126
12694,205776.8031
783,154369.1976
8968,158646.6505
13454,173232.5352
12190,261385.3837
11160,113120.0936
10291,183595.5327
891,334381.6478
2982,174387.6243
3818,275161.7492
2449,170846.2964
8317,167410.4625
4922,173285.8409
1257,250413.6901
9348,201501.0896
4176,166687.0319
10704,151344.7382
6624,113763.3038
5428,169921.1889
12749,179566.74
8994,218468.1025
11513,141859.2978
3047,207432.4939
9519,189652.8841
12309,225620.7216
14081,263581.9166
8334,272532.4914
6343,184459.2136
14788,130003.7767
15748,171629.6664
153,223039.0756
14149,174598.5613
269,178910.1846
5452,127028.2896
721,151784.0084
5079,240418.2143
2831,145630.1885
10614,116998.3207
10131,340182.3504
9996,274075.688
3061,209379.7809
11733,246749.6419
3726,200895.9771
10929,201275.7368
9011,182153.6556
16182,293716.7722
4976,156882.2012
9897,239668.8073
1872,157367.1466
9205,216842.5093
5403,424406.8296
14074,178480.5879
6268,151617.8019
14232,160275.2492
8532,192169.6623
7034,267118.7617
6553,183244.593
3133,167602.7268
8596,226942.3401
12389,243365.8346
14462,172329.6662
8860,260767.235
8377,260641.8519
6367,256434.3772
6917,250930.6395
4216,230976.5292
5806,176434.2005
5438,178081.7423
6632,217026.1415
2650,151992.6291
5396,138231.2622
4044,146153.7666
1345,258590.966
856,181758.346
12791,252031.2917
12499,217701.0219
12249,127982.651
14641,149805.3995
1919,165018.1428
7848,202278.1938
10749,172006.9262
15554,183406.7357
15834,204148.5137
1355,162419.9305
15451,178715.5496
12401,133572.5173
10290,163559.9529
9462,115621.1313
3103,241780.9365
3420,125083.6688
12262,242097.255
5032,133681.1565
8949,384811.5731
15567,237582.9936
16389,163847.2459
7809,85510.8973
8990,176877.4662
16089,255215.2611
12743,102866.8434
5132,125373.469
1619,277704.5718
2428,76835.69361
16741,160120.8459
13193,209053.7267
12588,397218.7311
5067,164348.9346
14685,125686.419
2292,157279.2729
5746,122017.0221
12578,155648.5138
14834,183523.6316
2147,170494.8363
8222,129902.8496
10419,267448.1402
11492,219524.811
3006,220132.9507
8761,184382.7144
15371,271347.0289
16367,149931.0832
6317,259204.7968
10878,267974.9677
3895,153715.0955
8041,120273.0676
13428,440259.1591
14669,146938.817
1006,171123.7612
12271,175333.3629
3764,264980.3406
7675,198204.6533
11709,266347.344
8629,153923.4107
1105,254608.8675
6096,193815.9849
11727,214864.2378
5157,142241.4721
3679,136825.5845
1755,137232.7086
7391,170852.2746
7425,108045.4838
6882,314387.3704
10752,385965.4126
7472,210631.8258
14320,98201.07071
9596,167772.6466
5317,214997.5158
7378,89217.67
16154,179110.4139
3464,208232.5793
4197,218078.149
9477,115691.7218
12705,181595.0619
16426,199335.7119
1481,71628.25555
9946,240372.0554
12025,194840.1801
5341,233383.8774
9923,278496.9338
7953,206042.6262
11066,238883.0748
5037,184680.4785
2509,187350.1464
4937,295085.2313
12089,383831.551
4964,169820.7583
16500,258119.5756
4625,142187.9094
2363,427254.7999
8148,175883.9902
3804,188757.0351
4584,163379.9217
10694,114041.3749
2691,159831.6059
2983,201333.797
13563,355729.5916
10747,218615.5315
1721,200968.1664
2789,258557.044
7214,235668.8758
8659,215531.5395
5107,287070.8336
3843,229670.0565
14610,293953.4259
15505,161557.8809
5060,253375.894
16055,188615.318
14963,198097.699
4118,139700.3714
1672,184654.6848
3209,184804.6016
16515,136544.2912
973,177320.7294
12529,190507.8571
5896,117532.1611
5450,229481.446
3249,181663.0687
8911,168991.6763
5898,232627.6912
1024,179840.5432
4766,197116.7471
15804,182198.7412
14303,186913.8511
10707,174895.2629
6605,201549.6768
1138,221029.7127
14088,397762.771
9154,177701.8661
8190,216168.316
398,267627.7559
13302,270933.6331
9696,154089.3356
16786,124643.2572
16230,184050.7993
6552,182052.0698
923,220735.7155
9602,330758.8999
5857,199631.1569
8120,164172.6628
7134,182596.6275
11726,167444.2159
8069,123770.5184
12420,172872.3987
8604,189456.9441
4854,91198.54656
12212,178353.712
12099,319391.4735
3882,339544.4703
6995,344723.3173
10172,223632.5516
11672,296153.1057
12897,221879.8288
16097,208448.9162
6779,228765.4248
11199,195078.5856
10816,188570.9492
143,437014.6291
5399,244517.7233
3286,151202.1025
13706,146970.6445
1935,373403.7885
16000,153193.9794
2860,207691.9618
11407,157688.4757
16378,263769.7059
12278,177151.9794
3842,177589.7804
2692,337728.5125
7699,192297.2579
6825,231193.9289
7268,276340.3962
1477,343140.8624
9887,184486.7694
9436,175696.3028
3179,213903.847
1350,448947.9465
10643,203345.8552
5793,162793.3193
11494,175768.4693
4206,185672.213
12419,221311.7694
8530,183905.2093
5985,168210.2313
8908,190338.637
256,130526.8436
7234,180751.6239
5648,212452.752
3014,199953.4056
2184,196761.3001
9189,262450.652
14884,190400.8594
10333,175900.1973
15896,136277.7739
13269,150852.7752
8603,215484.5281
15087,179781.8055
4344,181909.6914
7981,71993.37102
10908,236924.1253
6190,178968.4047
11742,198012.5537
9224,155668.2865
14667,166784.3515
458,183278.9852
2464,330378.6678
12320,188319.7716
278,181772.6305
2912,182361.5704
6698,198299.8911
4510,117932.4868
4183,229380.8442
5551,195816.6805
12187,156003.0487
7948,223258.8955
10808,181356.3868
12432,170785.1201
5356,179725.8117
8984,576402.6028
9203,181782.0865
15412,83778.27395
12041,126154.6553
7644,255472.5474
7071,181208.9493
10685,183973.8677
6763,267586.3585
940,127818.3223
14959,187103.0141
1338,161032.5868
5351,135714.2633
6524,187484.2979
12516,148982.9153
3288,315373.8175
3146,231582.5057
3954,175383.1288
11955,160477.0341
1211,208842.4594
15668,198373.5244
1320,100477.9993
9108,161802.8312
16482,223377.8819
5017,136905.7988
8290,208421.7335
4304,389254.2334
1930,196134.5132
12530,166052.1468
11295,246877.7277
3002,149421.3295
15483,104881.1889
11525,217903.6484
13978,126918.9087
4885,157428.9029
8325,176420.209
3630,134345.6535
9165,171502.001
13945,234953.6589
10663,180894.8687
14803,175661.3034
7621,164160.2844
8205,235497.1872
10387,200968.1664
5457,151629.1413
10234,324348.815
6251,169814.4773
701,211101.4406
7930,177567.0623
15028,163685.8332
12172,64922.85189
5805,186523.0129
7411,242555.8035
14806,171933.3789
7890,164403.6917
10440,128308.7624
14926,169570.07
5381,162635.4561
3800,352439.6993
10511,235156.3293
9324,230122.7693
3313,208912.3237
7351,155829.3357
8459,182674.055
9957,139398.9767
12024,167965.2282
4380,224647.8167
5042,121124.2269
13289,143003.0742
13407,382748.9139
13258,150447.3652
15993,298579.2894
12525,185936.0356
4062,228937.2349
12065,207863.8621
8227,161703.526
11333,159702.627
2867,136295.9732
3319,245600.2527
3523,302635.7143
7055,203259.7458
14930,167268.7709
3444,131961.09
2940,334690.1437
6935,352861.1827
16116,212333.2016
13370,224865.0305
6103,210398.5972
7446,187097.1792
1859,153069.6987
4079,176334.5299
3228,160434.032
9665,162811.2743
15957,371978.074
11533,218053.1864
2314,126070.7402
4096,214200.6086
13437,186146.8869
5980,222273.1142
2008,200828.2584
6754,179976.9992
4129,149104.3152
14557,222067.1395
7096,348706.8593
14297,306726.257
3967,218634.0357
16485,120955.3159
13075,253612.7515
14289,190794.4792
10988,165476.1537
3230,148296.3407
13250,176611.7898
2559,171414.2207
7739,310344.7985
7213,147231.9872
6639,205756.1355
3164,345317.3956
15207,147795.4864
5113,185203.2612
3929,136297.8776
14493,227517.6745
11110,179101.6185
2033,194311.592
16057,216808.8194
16709,204082.837
14313,147917.5514
1028,318813.9516
7187,107892.1814
3738,298362.8962
9869,301942.4024
12644,179745.1025
3686,121009.6509
9196,243848.5955
12326,198936.5427
4936,223409.6983
13314,172747.2859
9857,424761.9147
519,204721.7755
8410,176227.2591
1720,194051.0551
10341,237220.41
14415,175876.5975
10613,282890.3272
8027,183912.6991
15539,256229.0736
7431,256189.1836
1370,141534.3501
12708,146902.365
2250,218115.4886
14758,132627.1721
8525,341505.0027
1538,299205.4647
1142,154361.0102
1152,251338.0738
9802,182144.0784
3331,301991.6366
15203,188660.1498
4247,186677.8846
1976,468201.1683
2346,193501.7148
10078,201581.2225
1938,211969.3557
7819,188864.6591
2168,236546.094
15634,211332.5359
8465,233560.834
9313,161192.0654
6539,134132.4525
6325,104176.2112
13442,294158.2383
9967,192026.1383
7893,300708.0691
2861,195738.9412
11031,309849.1786
15073,123454.9654
13837,164721.6788
2524,192221.0577
8617,186002.5807
13513,183014.1305
3081,229543.5124
10675,278526.0706
1907,81454.96471
4872,229642.9726
16274,212733.2628
11837,233111.952
16577,248506.1708
5231,320510.6474
11315,138878.93
273,200968.1664
8363,208980.0375
4255,223541.1521
16330,240080.9447
11528,169262.0177
14799,264771.3148
1611,299138.685
9234,192635.9191
1633,110127.4523
6791,194187.5538
11567,283068.1586
3070,196626.6433
12094,230310.2907
14335,264041.6423
137,169262.9859
7182,148679.2236
11718,184309.0501
5194,92414.47662
97,362029.5045
5118,340023.9598
13920,223596.6423
9952,178389.2706
15337,211821.6636
10243,220835.4571
4048,242595.393
171,186161.4816
11378,161469.4752
14190,165477.2756
15265,130772.6153
2740,118700.5153
5573,287111.1328
4481,197732.6871
2631,152163.151
4984,241932.3125
16466,185226.5575
16716,124732.7361
15325,184194.4992
10115,174790.8891
117,230794.7067
5476,104938.8296
11757,169902.6061
12359,126619.3343
15546,182509.9726
8133,152930.6576
9018,214490.0308
2075,181864.0061
11170,301217.828
15733,205770.3245
9280,146854.3535
10734,317453.1551
14071,155509.9961
7373,195354.8466
14736,175797.3357
3458,151667.7027
6183,168788.1943
7825,216279.3824
16775,156950.1463
5717,181282.0665
12397,126610.5217
8189,497841.7608
4423,214899.8936
3994,123877.4691
10342,184261.0553
10051,192535.1762
9453,139974.0621
12593,329390.7424
1274,85381.9375
6933,315370.9946
1761,146217.9441
7157,258899.073
15169,148331.2772
6792,184866.5458
13830,171350.489
7240,177137.4314
3051,281424.1516
6550,103268.8105
4603,197423.9641
5729,161551.5895
13473,326319.1326
15104,130689.1564
6599,296805.4529
2216,343705.5174
8721,285816.3889
3645,208898.058
8664,208255.9083
11001,192693.9381
753,165587.3274
8129,246244.9649
15235,194619.3557
3359,215214.4325
10424,234716.7942
10226,228854.9282
9252,180276.1695
3008,213528.8802
5849,171349.8498
8494,190406.2964
6764,380638.1069
12445,262318.0175
11716,185435.5558
4508,121589.782
5669,200399.4556
11427,119499.1199
11065,188784.0794
8910,252557.7963
16401,107972.6713
11913,151995.1685
6221,166577.85
10839,189246.1035
2809,203565.5295
13311,158409.2615
6866,181982.4671
6019,170796.9202
3024,164527.7407
1391,230357.3368
15904,189314.2544
15858,229624.6904
9911,204079.5975
16579,189165.2036
4394,265742.4924
1468,481837.043
12965,150000.18
2249,260181.1353
14384,160145.8503
13040,136912.2276
8872,139974.0621
12864,235149.7618
15712,156993.7516
14049,157590.3042
1840,98922.61239
12019,175970.4432
8948,175143.2666
15154,222434.5235
6943,146336.9123
12564,345704.652
12766,171398.8003
7255,225405.0697
7962,151487.9659
709,133470.6661
4634,157128.8471
889,189668.5187
4774,147430.6469
13890,169340.5102
15431,157438.0053
8726,341823.0018
10373,141444.4794
6413,183098.5551
9761,141883.6684
15864,187165.4275
6147,145057.9705
3384,225182.9941
320,249038.7607
8006,178880.7353
14395,184068.2364
14976,99145.15877
12185,221332.5408
4779,128993.9572
8551,155362.3917
9025,246697.2585
10616,209780.8962
7475,113833.9805
6341,332556.7509
14163,142401.0026
2211,190784.2847
10532,233202.5089
14338,134402.3828
831,182919.9328
3382,165828.016
9209,289955.4841
7188,233865.9641
7197,219094.8969
11270,146505.5533
15918,101099.5633
6937,543085.1596
6178,182397.7408
10668,94762.78603
1413,332945.0337
6884,285936.9008
8266,202605.0581
14019,190128.3513
16764,144661.6947
15306,183621.4778
3740,168642.3748
5298,173182.9105
8319,181143.107
4229,179893.7577
13429,186631.0491
1753,329217.2422
860,224288.532
14219,141016.1494
12113,198652.3763
11309,132408.035
9930,188565.7185
10570,202437.866
2839,159256.6143
6699,120888.1557
16647,117702.0758
5325,225070.1171
13733,153639.5144
7818,248893.4137
12505,210703.5732
9489,191465.7611
10106,189948.0428
7864,188218.3612
5134,231382.0677
11859,148947.6523
7440,327027.3634
1525,325166.1347
7339,178946.4704
8,331268.6158
3248,116388.2657
8995,212369.155
15178,69259.89618
8594,161841.3157
15770,220717.6488
15859,304385.1595
1735,303981.3375
11410,541806.4569
16397,155026.7805
3572,133066.2946
5501,112624.3787
969,202715.1875
6977,371047.1865
1233,178171.3099
4258,162432.3569
90,299660.9532
16650,183103.4302
197,111817.632
12514,281352.3194
4367,175534.3042
3199,152880.3765
5600,200317.4351
11641,164772.8322
14609,115468.3945
12775,173888.9818
14240,171055.8795
7933,184746.6769
6945,340991.4515
14006,212094.3926
6320,275481.2325
12061,170600.4659
16369,216604.8599
16354,419647.7887
3970,294055.4473
1048,199776.8103
3639,220835.4571
14448,241571.7794
2812,277920.8128
3932,149564.6522
14875,257505.8354
8883,117122.8732
7622,247216.6712
7252,120555.2584
9751,180132.1482
2378,205488.645
6816,235222.9878
15358,186947.2258
7843,157166.6083
10448,401974.7301
7840,249578.2027
8880,253053.2453
12551,352877.7251
15470,208919.6023
16207,142787.3638
12123,121079.4178
15247,168305.2152
7481,195773.5437
16171,337560.2081
7461,299486.6588
902,229832.257
13094,150454.7333
11584,241672.7667
4462,209239.4803
15576,143338.4598
16606,263163.7438
5427,316833.4596
7725,167217.1897
5409,148893.0972
12579,123027.0226
12013,247241.3896
11321,177229.903
9932,145771.3572
591,152189.5082
10357,189334.572
3336,220928.4006
13,169976.6403
4809,197319.0089
7555,181783.469
15172,391034.2654
6989,154646.3559
4707,163714.8448
2046,247825.8049
6495,119564.8318
3873,183419.6873
7061,200968.1664
12112,149920.3756
8917,205613.8696
7735,143955.4006
16442,220835.4571
4244,161604.1147
3747,157489.8177
11086,166481.0367
10080,184444.7686
15057,230808.1586
1331,191906.6777
8891,175195.4987
13411,246251.4869
16730,220530.8407
2267,204432.7326
3022,180904.9663
11190,220835.4571
11857,180904.6656
9318,167355.075
16512,195016.458
2053,202351.78
13707,121413.0522
12143,150433.4253
14080,155098.1266
6130,171696.9233
7936,90615.92614
10101,172224.0472
5663,186544.4626
14811,120617.7237
1366,197585.2347
908,209086.4728
2953,123362.6506
14629,153877.7764
15096,347275.4424
2115,179581.0959
11770,164782.9615
12701,195227.7038
14584,133262.2828
1893,390083.9676
9501,494660.9163
2138,111883.4836
9346,212937.8167
15960,452116.887
8230,154297.2568
13843,229275.9746
13810,204026.5991
15650,188891.3167
9974,149572.6306
12200,209077.9567
538,201091.9288
5334,172408.4268
14823,128945.7349
4817,176574.546
9041,168714.1686
4359,264810.8837
4852,310554.6555
10141,131885.5628
1503,176139.7783
16256,376146.9528
683,110297.2432
14382,210752.3696
7248,209722.4521
1200,180654.8421
3563,170587.974
3681,403258.587
3053,290033.2314
4099,218489.4368
807,92170.80298
4658,302379.2571
3535,170939.7464
12548,164774.0863
10488,192281.4204
5851,152052.8274
13736,169411.8147
875,148804.2001
14449,141882.8723
3958,292354.0431
10727,186552.4454
11296,132858.6322
13646,257119.6339
9599,190822.332
7135,271034.9682
5943,309206.7733
2695,249992.0301
6766,200341.8736
5630,143189.1555
13586,199053.9172
3507,425624.3576
10014,140973.5569
459,273129.8523
3582,199573.2637
8560,300177.5752
3372,176929.1696
13109,266671.9447
8160,229962.5581
10706,201120.6528
9104,315324.2592
2870,207975.054
13712,165017.2638
13924,128717.6887
798,212425.6233
9750,419987.32
16248,300766.8228
3170,164362.2453
12700,233813.7697
10601,153175.3146
514,175378.476
4010,321599.2116
8124,147883.7956
10800,170805.7355
13628,189429.2477
11637,139507.8254
781,179151.4221
16156,187482.926
12618,217295.8867
9766,182856.5764
15987,249032.5819
11051,304169.6777
7673,238795.3894
1245,271029.4563
2443,146304.5497
7413,66437.39712
310,165433.2042
10921,231544.9178
8709,77630.58333
12404,322971.654
14986,204123.0981
10714,338876.6177
14286,209787.5349
13828,298701.583
8926,422036.5146
12233,176219.0865
3913,202890.149
5221,208886.088
14965,86940.01317
862,178505.7019
13907,136934.816
5418,176215.0245
2045,193352.8482
13321,180126.8554
2762,206804.0174
13888,164518.9067
14962,135237.1914
13305,347583.9457
8487,236268.3364
7146,180049.2927
1134,161188.8115
15092,339178.7338
13760,258692.1044
11958,414712.7281
3177,175091.866
11350,157629.8464
1524,105021.8761
5527,206895.2646
2872,164270.9989
8602,317827.0005
3067,346655.9172
10435,228780.2401
11222,217416.579
8700,112419.1992
10961,238368.8849
14305,187123.6656
8362,286730.7278
4979,160966.4962
7180,336834.3095
5763,132996.8092
2192,193195.342
13581,187210.0364
10720,151395.7158
1358,211752.9176
13366,357572.7258
13539,274614.9262
12849,201268.6184
6794,184309.0501
525,458828.0177
12223,330124.1267
16271,143259.8123
5818,124488.9538
16588,264319.6289
8981,125373.469
16476,128221.8235
14663,188945.5744
3,131690.119
6615,132478.706
12215,239640.2223
304,224020.7409
13634,247688.284
9208,178573.4379
2175,168637.1186
250,200428.567
6045,183124.9119
10516,158998.5682
1852,390408.6913
1573,171687.9547
15079,169355.7309
5500,188051.4089
15775,124094.9336
3198,157947.0074
6718,205015.1862
4149,169567.2606
9627,281424.1516
7595,230478.6818
4538,186737.0847
3555,178521.9186
10483,409385.5505
8834,179518.3835
16412,160773.4037
6449,166834.9341
2767,181636.5958
11498,177553.1177
16472,142088.7727
178,272414.8515
10948,184902.4987
13313,275069.2616
8065,133235.866
102,147603.3829
14428,163568.5426
11973,124684.6937
6663,167933.7139
15989,132724.0572
10955,458863.1257
11772,141112.242
11364,222349.3804
7082,175936.3971
7749,416816.8494
6428,137913.1643
6869,99145.15877
295,179186.2371
12266,222687.4135
11129,198118.7899
826,268905.8642
3262,212601.6599
15641,321848.6402
1662,552762.8896
10926,220490.2614
10232,184563.0176
6376,179360.3293
7817,180703.9487
354,206413.2227
10076,189698.1193
11379,341965.6472
10184,121396.9486
4696,399358.5326
13562,268944.0469
5436,189574.3292
13196,121171.5518
14939,237272.9629
14004,198244.5427
5916,176975.3267
7229,188622.1088
9143,154537.9898
3440,193318.1803
319,172792.6994
11683,219554.1291
12647,232797.401
12788,163293.7788
13662,238605.9377
423,221277.1931
5222,222114.4297
9242,179556.9948
2641,184426.8166
4855,163310.7382
5360,167897.2921
9799,157867.3158
5526,329106.878
10309,159728.8617
2144,279489.5412
7191,189036.9296
6732,167549.8588
14789,144111.9395
13525,152488.08
4066,285688.1701
16422,196967.0823
14890,177428.6082
2922,202472.2099
3601,125786.9443
13416,119351.8093
14363,181429.7791
9496,291884.4443
7115,294367.8037
8615,161882.6984
5218,67457.56615
9493,203259.457
10623,175379.7742
2272,128400.375
3352,218745.9807
84,189317.8427
8086,124569.4091
2595,208305.2055
3531,160882.373
7460,266028.6598
9214,271204.5863
2790,292600.4099
10548,222420.3438
9218,196336.4395
7435,162025.7673
15780,187828.4044
7640,206843.9034
6223,207207.1973
3425,111067.2392
10582,146854.3535
702,235633.8119
2111,174194.3299
11730,181246.459
9865,221084.6343
16478,335412.1989
1885,210862.6703
3956,394223.1619
16735,127905.2287
15264,213904.799
15971,154813.1104
5584,202888.8206
15242,168751.9423
14358,178317.8956
11300,206299.3769
5446,184943.1396
3934,189177.522
6610,170580.9656
10164,226579.0298
4646,181600.5848
13304,202578.5999
1985,212725.4855
4746,139507.8254
7963,194549.4315
14083,301069.1771
13140,288554.8539
15023,229434.5934
13093,240146.1587
7160,185203.0268
7407,181415.3071
16056,188755.8799
751,430974.9636
6179,80669.06723
9137,303648.3563
10992,263626.5197
5744,359964.1374
10884,176216.8753
12858,293926.2102
13005,261763.8123
16714,176802.1144
1419,265619.2711
6064,204000.9353
3771,216226.0356
5945,499787.0341
8453,70904.84684
3806,149970.3021
16748,250085.4214
11380,164277.8363
3107,195114.8211
12003,187029.594
14567,252046.1316
1079,220020.8915
11705,122042.9591
7814,211512.3779
10174,169578.5559
5514,241909.0468
5265,239018.7057
10520,336557.3763
13195,217701.0219
14601,367607.2943
6012,162427.9815
13079,168879.9395
9009,128309.9091
3122,178177.2607
5470,244269.0744
4840,160516.0378
6270,234639.0228
9158,99596.34633
10120,105297.7914
10672,271154.1888
4573,134901.8615
12118,255726.5025
7447,125686.419
2171,208119.1298
6126,272951.1808
2836,169046.8431
1457,252536.5372
11165,224818.0271
5923,186191.2641
1813,211189.354
3492,221661.4387
1917,234962.7818
965,278883.4987
15795,143553.271
821,205779.2777
4568,189822.6237
9078,235440.7897
11371,127203.4684
5149,188659.9887
281,204914.5053
1918,232173.1139
776,139244.2165
210,198578.9155
10782,178910.7454
9653,178065.0822
9372,169962.881
5868,182756.2592
6176,150042.9642
3969,152727.4748
7427,149644.1357
8544,173295.6388
5219,243574.6802
16488,131171.4671
5855,240439.8485
15920,121980.8177
4393,423956.3851
5770,196798.5229
2900,142255.6993
8622,85313.25079
11610,264810.8837
10969,124558.1279
11029,140873.5648
6193,267724.1179
14087,454046.229
13623,191286.7477
16689,165169.6112
1027,209145.4525
949,155316.542
672,121509.2234
13832,136356.001
2471,195696.7996
8728,288798.5002
7742,212959.6713
2698,216047.1927
9084,174738.8495
6075,297564.3139
2874,172813.2108
13119,138241.2752
5010,203327.2693
1284,176608.5491
1151,170847.2519
5110,265324.8276
11386,129999.1768
8019,154987.1817
2859,130834.5922
16110,178498.8407
16027,265201.413
14902,190523.4801
14301,194028.3737
2451,213539.1081
13596,132607.2233
1464,137260.8488
7927,351449.7553
9638,187553.8773
8009,301804.5759
11903,151427.5487
9243,112095.5804
547,193485.1426
5511,128634.373
11247,186995.4889
15928,349143.6872
3434,226238.6698
7614,117570.3185
1380,206121.6398
2770,140156.192
111,184309.0501
5994,131188.2644
12341,203174.6945
2787,270892.0813
14410,237685.8819
15983,127795.9854
14876,163428.7755
653,148852.7953
2174,256935.7264
2575,228032.5159
7976,171530.8298
5812,324759.8835
13589,173851.4807
9122,138466.0064
8159,503698.4816
8754,258298.0241
9321,202348.1234
13535,172349.9159
2083,164298.0421
2689,320409.7911
2248,219077.4502
11649,157782.0473
11045,382774.5587
1276,96054.05024
5962,155957.4897
13012,153805.8291
4642,184104.3941
179,161833.2289
15347,428762.8812
3339,154130.0706
8166,170648.818
11617,157292.676
52,221973.9544
4395,176303.8902
2183,202845.3097
16045,165223.3118
15719,168929.7915
9864,183856.294
1903,476302.474
13451,171202.6203
3640,154712.9585
16551,180914.321
2343,152072.9847
10528,210736.657
134,235236.0805
13966,255295.4946
2366,161647.4046
1198,204762.9631
12627,98419.62573
11623,224877.9297
8267,125357.7687
56,280863.1582
2988,259583.2842
8843,238118.8411
3043,333507.4069
16486,265800.8243
1241,180495.6048
11180,244281.1068
1984,181736.1789
7364,149033.5257
10769,137003.1117
16617,231570.9952
9007,308919.7666
12953,382902.9866
11366,194756.8094
16483,207723.6881
2326,212159.4259
14195,144048.5638
3484,211446.455
15257,180532.3703
11920,263538.853
1359,169368.8051
10353,158147.1224
15614,132883.4046
15101,247678.1199
12755,247326.8565
6252,192247.5494
7485,192223.639
12603,182273.3088
5281,364888.6351
10708,157131.7875
12563,148150.1574
4592,175501.3338
3390,213640.9093
1986,169493.3851
5745,129344.5489
14108,187642.2297
9693,111496.326
669,176709.3315
7320,229035.4843
10258,117037.7492
507,191910.6854
10365,162236.5397
9363,185921.643
8736,117324.5809
15100,184294.5958
13420,135618.697
13248,246854.0358
1972,353764.7813
9258,225460.8396
16455,242857.5715
6150,185372.0094
6283,181177.4113
14979,199202.4054
13935,194107.6028
4985,170457.3594
5393,121824.6087
1730,137539.2686
14129,210950.2483
6254,210329.0311
4173,329597.4536
4910,221047.4601
1297,175085.5002
3366,121157.1972
6044,297590.9776
6259,134959.8515
3852,125942.3892
8723,220112.229
16109,187034.4523
3721,205460.3136
13453,266628.0617
11962,223023.3305
12998,162177.3567
6886,199784.4564
8200,324695.4615
51,269088.612
3930,249883.1666
6310,207114.0197
6112,200968.1664
5135,135212.179
7522,279152.4628
9825,242097.255
2411,217683.9688
14940,371005.2025
15970,165867.1554
9894,273455.6619
2564,183191.8343
7095,235783.4518
16754,229598.827
16195,140632.6425
1770,258087.1017
5363,294505.2884
11360,255005.1248
13034,338502.6013
6542,188910.8799
15870,228615.468
217,235760.8496
6490,278156.9836
6692,347692.0041
2235,151039.1452
16732,246904.5952
11499,173780.9917
12617,195012.4875
9060,262797.5537
12017,129744.4768
16750,142556.7509
12230,154519.5052
2158,166544.4039
15184,133166.0903
2981,170869.4887
10281,196386.8932
16596,187343.9094
6976,232480.4873
14680,163618.6136
10618,186566.5921
271,212699.0472
10817,201962.9557
1823,203432.4709
9549,141539.9781
1201,121139.8481
2112,210215.2222
2951,153915.6493
7183,182860.6632
11404,130922.1052
5473,294055.734
9232,256169.6335
3033,264400.3874
11002,168734.2471
8299,251363.9242
15417,186321.7598
15612,233192.0176
6168,174586.5979
13751,232521.3052
764,156375.9324
12833,87233.10113
2009,66177.004
1005,276786.0068
10740,169044.6789
15323,264441.963
9884,147179.8034
6185,224398.4361
2311,175570.1402
7538,286677.7662
6256,197151.6837
619,287438.2332
1968,128961.744
10168,117036.2342
10762,230600.314
12392,158691.6243
8877,283650.3497
2441,217669.5686
4974,193022.5854
12450,189799.3789
15837,212661.4823
5260,206739.9571
6591,167694.7704
11688,214849.3312
9940,193755.4274
12070,185018.7473
12876,142929.9202
6858,211553.4593
2385,213863.0865
3596,194045.5883
13540,145537.6167
2077,134147.4852
5654,297458.0968
14029,227456.3817
16140,111048.7044
13303,459543.2876
7289,144270.3093
15226,165839.7994
3330,185614.3532
15642,254893.8008
16217,224544.2077
7330,219291.1374
3894,119799.4381
6719,194997.7473
13013,152255.8628
15835,166619.6299
10873,328865.8695
16379,226484.2356
10771,261745.4388
13943,179862.1415
5139,263055.9782
5309,189614.9238
14227,392095.3066
16292,194143.4778
14968,193762.0556
13277,205799.7112
1731,91024.67773
7286,139602.1752
7455,172642.9194
3250,190990.2725
1659,185501.033
15806,284043.8036
7491,230910.7673
1990,224903.8864
7769,435253.0171
9694,229118.9229
11961,203498.5042
4669,169536.9438
13826,313320.1349
1691,178179.1875
3986,126916.9245
1407,147867.562
5517,180377.7282
8432,174639.5137
2214,171603.9129
10449,181852.1488
2941,188266.5686
5944,171855.8161
1555,197953.7032
6105,182419.048
4453,220371.6249
5892,242097.255
5000,273144.5185
12995,185523.8924
8905,194558.8771
11440,157529.4414
419,212609.7212
4712,164458.7762
2094,150032.2238
4567,165374.3832
10717,178027.5466
1248,373053.7084
12405,194238.0365
8331,389411.2075
3113,163456.1835
6926,244316.2896
6777,297969.4013
4060,174832.598
11547,216573.1567
15199,147842.8426
9282,174613.2648
16123,179154.4524
14094,171066.1429
8770,300704.1851
1054,373759.4257
11363,194108.6977
8756,117036.2342
4800,163722.8419
7620,90565.02102
9101,153582.518
13954,234964.2594
13600,207892.9978
2893,194205.907
763,202892.8348
5347,214975.1803
12096,96586.61865
16333,203210.6091
16432,315920.3949
3513,102114.0393
13494,189731.5567
8690,176001.3467
7266,164091.1956
3472,169079.4423
7021,175180.4048
12952,210705.8416
2774,195616.8181
607,219901.0157
6897,205024.398
8220,139777.3005
8071,167997.5837
7091,297496.4373
1805,345156.8896
3594,186007.7544
13103,220304.0315
2203,136544.2912
12622,172135.2779
13270,231794.4819
9461,140157.8636
7759,154426.8666
4256,208747.612
9093,185050.1507
6033,213306.3127
7734,176465.1612
12368,414477.2899
11740,206961.5291
9907,164601.1182
12398,282751.238
6290,211302.9103
2882,215351.4673
5091,197709.2568
7228,240662.0821
5953,332710.5411
5707,363422.7814
10159,192836.7432
7813,181393.0899
6463,182949.8506
7264,148472.5211
5405,190686.4925
7543,186606.1809
13702,226316.7257
5538,192470.6731
6762,123726.0372
9416,191158.5194
10415,338536.799
2139,262137.6626
13151,131147.8972
10301,203759.0157
13273,208649.4247
7609,116377.2573
4884,145041.7578
3438,187770.681
2215,169902.6061
1723,147650.0421
2340,260603.5268
3950,336053.7339
7312,258332.3482
3602,336673.5545
12053,141209.4029
16240,184391.2703
8301,200968.1664
14068,213637.5324
6216,419017.2644
12910,239015.7628
7656,440129.5126
7854,203954.2388
14636,177210.1545
12267,298521.646
11334,346669.6821
9326,284089.7066
5935,172076.5274
16132,139382.8836
8318,164501.5848
5009,165520.9185
3883,187010.8844
7565,172097.0123
7960,131138.8327
16736,194188.7213
15284,178598.7437
4301,187336.5484
4273,258367.8852
8436,190827.1388
2113,304597.0286
8469,332165.5828
648,217416.579
7526,198902.1484
9656,180526.7121
516,167630.8433
6849,406460.9927
7013,196500.0965
13741,315004.1019
13281,199485.5313
12374,214062.3142
11855,365397.7423
2759,126053.1983
6759,109711.0965
1667,168985.8259
5138,305470.8298
2452,164818.9839
13027,115770.6629
2493,148825.1854
9899,155565.9238
8151,206220.8198
5349,131841.1203
3926,325497.7558
6394,293491.9385
11720,170723.9046
578,163881.4052
4001,183894.0199
13504,199620.5344
14836,209501.6923
1741,158907.8893
1278,182835.9032
11890,203565.5295
1803,212058.981
11418,199620.5344
13693,199938.1251
7321,238751.8797
12575,162081.7897
6966,214400.9458
16613,171566.1065
3148,335540.695
8920,167084.4166
13984,230496.5015
802,244269.0744
13893,170956.2419
2495,164282.8102
1695,177144.3518
14995,315046.6762
10890,259090.0978
5282,291386.4937
13487,207381.4455
16615,344558.9761
4545,399370.3112
14032,141859.2978
15707,237465.3734
13931,189976.2189
946,175518.0674
11500,292357.1286
10220,137484.9377
2604,209077.9567
10761,223665.8253
10982,266444.8913
11729,202395.7176
8152,127894.3262
5323,172779.8642
9448,169435.9128
14935,136471.0932
385,271653.0572
7039,311796.7331
9366,184288.0712
15823,285447.3997
8993,169708.3221
1282,173115.819
437,155762.7352
11011,135202.6828
10104,177455.5327
16321,153240.166
11188,227138.8579
14291,167799.8271
7781,176759.2856
1203,221901.9118
3731,240365.1536
9037,323705.3972
12937,180786.3147
5196,200943.8806
1746,183416.685
6345,124693.3782
7950,315315.9337
11552,202308.3792
11950,92164.2894
4805,359647.635
9152,261662.2233
555,297487.0929
6765,142023.3874
8515,249562.8631
13915,188518.6091
16036,170077.6888
16625,187222.5644
11870,311432.2352
3304,145831.1162
9636,271178.2746
5232,415403.1892
8878,221833.1345
2756,207521.812
5140,159125.738
375,179272.0586
7149,237753.9295
16353,272457.0542
15742,176728.4223
5957,175448.0662
12580,169052.712
10409,236604.9966
13766,172953.8171
7778,188795.9257
9028,169549.1584
14213,185431.8417
12691,206069.1487
1658,158817.9102
15352,206384.5723
10670,200968.1664
14260,191841.508
8870,206444.3637
12054,190209.3073
9386,326686.4166
14378,358893.3944
2080,174266.667
12729,221056.2126
932,131992.9657
3149,210878.7933
245,209715.4991
6334,173354.9037
11684,420315.4061
5099,120871.7436
1828,165597.4184
13464,162234.1114
4023,244684.5863
6563,152515.7029
13207,174207.9443
14075,250266.9897
5722,184960.2129
2308,242882.4548
8169,246896.4143
3341,198805.8403
7693,72167.89362
2549,230536.4832
11576,278646.9073
8010,192965.0428
605,214347.9724
1580,313653.6005
1588,343836.9645
15197,163751.3595
190,195378.9296
12488,132264.9177
12254,223169.1459
3991,187711.4879
5076,217434.2733
3214,140276.6118
2348,204792.5934
13573,192268.3143
14296,177507.7693
4207,239042.3324
6529,230274.7231
16043,149750.1286
2508,194134.6126
12297,176636.103
10012,215834.4389
1874,178095.462
8451,223520.8378
16108,214713.0226
7200,376367.9484
859,227156.9152
8415,272822.3408
1649,70100.68968
6269,287177.5568
8350,167532.0922
10978,200968.1664
16751,176544.9658
10133,122718.528
11908,181455.4152
15627,128082.5116
14923,93643.6226
3669,381444.2921
8316,125480.3051
5702,286521.9656
3480,180402.9307
11965,202230.9592
5869,114537.1538
11147,247574.2741
6505,170664.552
13797,353295.8891
14915,195880.707
8221,184332.6802
5873,160671.3205
13900,208869.0216
13804,258285.8809
994,174806.2237
2118,194830.9166
15158,209979.8879
9898,113670.9039
3509,518272.8146
10228,104555.6475
12409,350004.7779
9260,197534.277
11462,157496.0112
3265,195323.1123
54,264810.8837
9316,268361.1992
16208,292562.0638
16582,193197.6266
6338,225480.5256
699,215920.1259
3396,107353.8579
13995,180658.5881
8971,129095.9166
6068,224685.9009
7020,176701.4082
14015,162902.1935
4172,212352.4341
12959,522881.6244
5659,205369.1011
14766,125852.1232
14402,188678.223
6611,159388.1053
3213,250391.1854
13306,184048.5102
5966,215164.5535
3685,317126.1623
10994,212680.7525
13564,203426.4429
6507,165073.5757
3196,210493.3738
1771,151394.2156
13367,279739.9993
1529,128492.5842
11128,166894.4767
11948,225389.8558
3798,154990.866
11443,182130.5316
15581,156985.1612
15056,234986.461
5114,334732.442
12195,183059.107
2044,317917.0718
13169,96647.14904
15180,366114.019
15543,151428.8404
3770,141766.2691
772,270838.5495
990,172499.2275
5567,221534.2573
10805,253007.3712
3951,191779.6925
9484,174260.4622
3867,291983.2003
15605,213720.4192
3805,271056.3785
7254,243662.6104
2179,217474.6867
12745,189300.1117
16545,255189.7173
7310,225245.2981
8539,170077.6888
222,187718.9482
14084,293453.6334
15453,142384.3126
12318,261485.1448
7368,303088.4579
4027,211304.3897
4106,142591.1029
506,177608.3609
1995,222758.1906
7165,225964.4075
12615,155686.493
16792,173618.7064
221,197970.7743
9710,152957.3946
4364,149405.8297
3379,296373.2661
8954,180340.764
16630,165813.6982
9624,350392.6007
6967,333255.4744
8070,181870.0622
933,199339.3788
8155,243949.9183
6771,166473.1556
16477,228122.4167
675,205511.3219
7201,179398.9294
8254,166791.8191
11325,219808.7514
14018,136808.006
5190,341327.8278
5505,125686.419
2886,231826.0708
6941,86908.44552
2668,189198.2565
13831,158309.7812
11036,238543.9998
13691,105526.8976
2007,220314.1921
6442,157041.3377
10010,229496.8825
3259,218838.1592
14013,184312.498
2261,296471.1885
4110,214240.3897
13293,121904.8771
14931,214735.9803
12293,141814.2027
16398,245979.6106
7132,172908.7371
2780,160113.2293
5700,217415.9779
8186,193695.7399
7031,129298.1216
11269,209567.8679
632,137992.9379
6330,340610.4334
10905,182860.6632
6313,214353.5182
13396,183432.3635
13414,177386.9624
4270,150862.2155
926,146877.1988
11452,77987.60553
16228,220211.6287
1781,214940.9136
16492,181371.6254
14594,231278.8836
4485,195880.367
8306,188360.9673
2071,181698.7191
9895,213210.3202
10544,202942.5014
11253,345550.7028
15213,231175.9153
2990,141966.2402
4518,264666.5079
2766,166589.0985
3275,182931.489
14971,189013.5067
14863,132560.111
1352,171823.2369
3423,154377.1617
13021,273622.9654
10489,199663.0603
12055,237396.1009
13089,71349.97229
16275,213587.5639
4272,153097.6878
3204,212933.7848
863,281931.1699
3289,119633.7616
9557,220173.1909
14381,170573.3909
15208,262395.7474
8030,326907.3876
8080,134138.6582
9876,260763.6358
5571,248751.3838
5439,220467.2983
10689,175541.4983
9919,172450.8511
7348,267770.2906
11686,253636.5446
16643,309843.659
164,122993.3176
15912,254801.0016
14237,182811.3712
7965,244937.0884
9778,156229.314
14321,134451.7882
10617,179142.7939
12007,147446.121
1415,97851.93904
12912,329859.0545
12062,276182.2564
7762,207879.2631
4381,445854.0784
7986,159352.32
10647,178926.4121
13452,185801.2614
230,245695.8769
9285,242851.4244
4221,385405.7555
16384,179198.2221
14645,240049.3387
778,215018.2445
6633,207085.4363
15137,101631.8285
62,183447.1096
10606,329786.0495
7791,111721.9177
4161,184785.0075
5553,242579.2718
9433,70142.54129
7363,261434.8595
10162,212286.202
9568,207318.1357
9901,233057.0217
8047,165756.5262
12954,146427.406
12479,178932.1122
3357,118722.843
15088,161530.1262
163,233876.8347
988,200255.862
5877,247461.4454
1683,221616.4481
5206,151357.5392
11155,157867.2835
15339,186693.1697
1590,210686.6348
11100,165643.7291
11216,181291.4924
1624,209196.3815
6113,233589.0285
2181,241578.8131
1023,240428.7088
8673,134400.3148
1646,272782.1718
11608,97458.14868
5988,171676.3768
14354,241780.9365
6369,97055.88196
15936,217701.0219
13240,424146.518
3481,157961.4845
3479,229742.576
1698,303966.0585
13154,205753.3954
7802,175921.4174
9702,178705.5649
12895,330999.7246
5728,179808.0636
10793,194312.8976
13529,202646.3022
746,173570.8802
2610,166540.6742
10932,180286.4064
15350,267582.106
15692,169210.3127
5484,179276.5042
15608,190513.1184
5253,275943.6338
1686,198991.7425
10624,496945.1454
267,145792.0759
3295,326089.6731
9481,337659.6428
732,151526.0719
10022,431809.3843
6135,273359.0436
7224,209912.0793
14887,187635.3082
7382,181324.0655
3242,126581.5993
3106,202633.125
14678,191865.684
6626,171759.8245
6576,212238.2107
9008,224875.0232
2931,313788.4949
10023,189962.8319
14964,162274.1682
796,198008.9562
5169,104769.686
1814,143875.4347
7372,215774.08
13672,167348.9716
4124,189900.8942
1095,155652.6997
15950,91400.99931
817,387544.9159
15779,124360.4009
11506,214382.8298
8689,307641.2845
10077,245407.9466
10514,238005.7358
2198,320630.2068
8005,169282.6031
625,276709.8009
9420,173474.7585
10350,211287.6296
14494,172224.0643
11615,224868.3454
93,296196.8494
950,223012.3461
3325,166626.615
14459,134402.3828
16531,269938.8438
11228,171759.8245
11761,217701.0219
12629,207888.3618
10339,234953.6589
12203,127894.3262
16744,260374.913
2786,195177.8898
316,107183.2267
11424,173771.6423
8021,119990.9677
12679,194396.6326
1871,158172.6781
5767,197128.1196
4047,261486.0597
16235,224437.0936
10604,231715.3076
1510,227591.5466
854,129896.5553
1860,185559.1365
1593,265912.6786
381,184309.0501
10375,185179.9041
15149,219966.3668
11375,170991.4908
3912,145754.2261
12097,363043.0158
16743,248315.0707
146,254194.138
5308,126918.9087
4125,176869.3556
7671,348827.4479
12609,111550.6269
4353,184831.7881
6287,191679.8081
2264,283017.8623
3457,149593.4513
12935,139360.7994
8958,176925.4117
4532,143590.1617
14857,219829.1344
11376,182680.0703
13713,199885.4547
181,197758.7613
10858,125921.35
5160,267696.5478
6642,185356.0654
9312,379533.2824
7736,220963.5972
4326,256890.4666
1802,154933.749
16115,177896.0851
16787,281460.9566
7107,149518.2531
6902,151197.0716
8950,309111.4281
9922,200967.0021
11453,253995.1158
10033,178120.8504
12131,402293.5334
11879,246939.0242
8986,118104.1952
82,185085.1553
7664,174207.9443
11116,237232.6549
14096,185856.8902
11577,212280.3314
1908,176381.9067
3658,176461.4808
6148,193885.3068
1324,210411.3567
8792,221828.1371
5883,380666.3423
15245,230082.4735
16382,118221.5864
2131,209156.0212
7581,288800.6146
11488,342600.209
6091,277032.7359
7295,202486.0036
6427,185486.995
4558,73974.13113
14436,174840.075
8373,246968.596
917,326782.7396
9837,280590.7167
5619,130562.3307
4530,121968.7837
11486,190088.4199
8575,170519.6782
3540,334617.1337
4509,343167.4943
4709,158304.5614
10148,267839.2068
11077,201232.5598
609,167666.9913
14733,198027.5367
10609,143506.182
3616,156872.7741
8805,236852.5996
13799,224500.7092
5886,261269.8829
15836,101126.3585
11792,145068.0196
9404,190474.2922
6456,178359.0877
2569,125615.9028
16727,219160.5292
12353,175866.5044
9841,226054.1766
2725,221587.3544
3388,246839.6206
9476,176146.4039
13550,107483.7507
11934,265208.6225
3375,179111.801
2932,282760.1898
9972,215190.6866
876,175738.805
13649,196318.1374
13444,328458.318
12748,247596.4879
2003,187364.4485
2376,222481.6423
15961,185191.2326
1221,227362.0349
7064,248046.9774
7799,156423.4396
4549,370227.6926
11061,174429.6667
2132,427885.245
10692,174522.1378
14546,262566.9685
11088,184121.8376
4819,316249.6149
13682,127079.2441
7127,461103.3112
6245,165858.8552
10845,160422.5862
3285,117516.6571
11384,211741.7879
10897,188016.1308
8533,114118.4613
15341,239021.3368
3821,169325.6224
14130,169110.425
4306,438282.583
113,165688.4738
14997,176125.7235
1482,195178.6302
14780,275409.6411
997,230053.7161
7991,192240.3557
15592,167033.3919
11143,187384.865
12472,169105.6707
13991,270729.1566
13399,298488.4125
2588,317965.6316
14274,217783.2175
11491,290780.9998
4755,175333.3629
7939,146414.1257
1779,156912.9087
11924,181122.741
12713,220326.4625
12486,385360.5855
13149,224419.066
4847,217243.1942
7638,356246.583
15228,329627.7428
10069,194556.2359
2219,313732.492
956,261817.1196
13680,130330.718
106,222368.7228
13101,109540.9615
7540,365065.5237
16138,432202.1499
4890,230578.7799
13752,277886.188
14622,185424.2378
7871,187308.9231
3957,186202.0854
9987,222782.5337
8884,186594.8543
11715,232292.8134
10612,151651.161
12945,212070.0296
5034,202015.2753
4463,361567.4464
3476,166007.2221
4846,212974.765
2372,191171.6696
2873,215010.8375
512,200968.1664
16198,203067.718
9155,224961.7453
16464,109310.4271
6904,188016.0289
3151,173168.7905
1816,186750.7085
16214,333995.8399
6264,301121.9135
254,195241.4003
5848,140100.7988
4357,163486.65
14265,140763.596
12235,171306.2141
11342,114876.8273
6679,279470.6053
5377,217598.9778
7636,163729.0472
12798,156187.2343
16349,194024.7843
3028,127774.368
12810,391263.1738
15064,162538.9425
13801,111824.5012
13387,241426.8742
371,233369.823
1161,124955.1079
14593,158652.9188
12144,191167.4896
5555,377455.6984
13493,169546.6914
11130,278632.8205
8658,151602.3998
6491,219721.1459
303,270292.3047
1897,208196.0346
9583,103300.1325
4515,144147.4284
1411,173649.9921
8534,124833.6676
7227,201118.2285
13478,164857.9303
7546,286348.1134
2798,92646.56893
10267,453187.6269
4519,129061.0521
12184,199857.5405
1895,294281.2028
13019,275995.8705
8845,183712.2015
1929,198531.956
1966,136462.7672
5268,98376.96636
11402,149914.9651
13503,170959.9659
14413,158912.1108
15419,141642.7352
11573,127579.1933
270,157079.7496
9733,173172.6237
2729,186272.4189
10123,233846.553
9331,198928.1611
4342,139655.7628
4248,286608.7765
446,191717.8308
6677,172697.2313
8324,324104.2979
9666,300570.9004
7303,194090.8508
2710,254937.8861
3334,203813.1192
11464,297697.4906
12220,303306.0621
14064,134561.6925
14350,179142.7939
2858,244247.726
13014,343826.5979
13732,222783.4763
3371,273882.154
5912,240284.0047
5881,184701.4974
6199,269511.3139
7344,182057.8429
6180,175378.1751
3343,277127.3891
12103,176258.8952
5177,174945.569
7000,185276.9181
3990,188962.0071
11689,128926.0545
5624,175904.6979
7497,84940.16102
618,121587.5987
6909,205024.398
3346,154620.2111
12521,170542.5057
11871,346876.8676
10610,208357.3245
14869,147750.1875
2268,121634.5736
12058,146724.1078
12426,181319.307
10662,159900.0038
12512,115907.0387
14852,199292.2757
10876,147015.7355
7720,187627.4838
4334,71390.47269
12275,280273.2456
12228,357768.8664
3715,203831.8513
9534,222579.963
2333,153590.0764
15628,149623.9872
5043,162342.5134
16704,448382.6536
2891,219870.8244
14478,171810.0686
4429,183593.6838
5929,139579.3854
1845,150278.4921
3001,192216.6625
6741,150414.7044
2202,154809.9497
15490,189444.3971
3752,221962.6282
4620,224578.1139
12795,163099.4335
2662,123215.5066
12845,177498.0243
5604,257928.2966
4861,158917.6713
8100,226667.3708
15990,217918.5574
6561,147901.5553
14107,125503.1025
6274,116302.7913
4428,124643.2572
3184,222237.6325
9247,219011.0245
15016,178814.7841
6009,208368.4858
3190,188612.1022
3386,144440.1633
11984,176073.9932
16215,169035.8294
5506,244269.0744
10016,203129.4247
15394,237015.6035
15724,246692.5542
9409,146932.665
12634,179871.7725
14316,166816.7869
8675,171693.4582
15231,174144.4994
3236,189380.2763
10087,244306.4355
5018,167365.3384
2728,148914.0224
8092,212677.0661
10698,111803.6783
5859,164632.1314
4198,87331.10227
861,189518.7236
7990,419147.6566
4009,189312.772
10964,148316.7679
2114,280139.1889
1139,184996.2581
13921,194968.0474
15030,116667.8407
2122,125373.469
1602,164696.9983
15032,406276.6645
5694,114156.9752
14026,146520.6231
1132,204965.1281
15469,265813.8285
10223,181875.1476
3303,244973.4429
12655,227012.7249
16151,149925.7695
14649,170545.299
9533,179643.7657
2229,137918.9556
7652,207844.7105
14523,206941.9806
12991,194748.7919
4539,171785.3475
395,146477.7864
4853,218408.9705
12082,174271.9088
1406,228929.5714
7788,211115.2737
2143,140973.5569
11089,125615.9028
16693,162241.3735
14701,150190.2972
13689,188612.1022
4262,203624.5484
1046,212001.6436
12001,334790.5069
10729,213409.9449
11822,269554.3237
9132,305823.8135
14150,211014.2442
15217,183621.4778
4752,186102.655
5875,157671.2823
7873,276982.6205
16046,152094.543
321,231794.4819
15077,345739.0095
9148,290930.1441
10272,227338.3037
9490,170437.5792
5856,199644.1068
2436,157284.4797
526,207068.2474
9067,130043.5376
1166,255008.5307
13029,199340.9997
8264,269346.2733
13499,270663.256
14681,176827.3668
10625,186949.169
13668,224180.2054
4126,251927.8048
1527,180065.9087
12829,215269.2103
6074,102248.4137
16629,190841.0129
3231,299622.7976
6218,144230.6605
15050,226036.58
16053,387282.9804
16745,153506.0822
11336,74975.61181
1318,139161.8606
7424,155225.0784
8102,172897.3562
5468,189740.0793
9942,226922.6582
1001,260196.7575
6010,210342.1976
7766,159259.8147
10266,157262.5028
3139,406086.6212
4759,200063.1604
6760,229766.2748
5682,219981.0926
1648,223020.1591
10363,175062.423
7551,134630.5738
12901,138666.5078
7938,234390.1554
15709,438732.302
9663,180154.7888
14868,213892.4595
7617,290296.8861
5755,363500.39
11519,340370.1776
6954,173974.4378
7463,300394.5884
138,211583.409
1499,211265.2812
14579,179352.9969
30,169570.07
6991,231916.9537
16283,148518.4581
15305,403961.9952
12736,228530.4131
1506,414310.3923
4302,154922.0004
8170,231794.4819
14230,196387.1151
14438,241515.1299
15974,197065.4265
3263,177677.7315
11227,180951.8696
9355,122327.6184
326,156618.1795
13155,156272.8767
13238,299317.1826
2785,287724.0058
7047,187405.2125
4222,224437.0936
14734,108820.8206
4224,130271.22
11259,141112.242
6174,121177.3794
14057,172223.5366
5181,171310.8069
5926,228303.6851
193,191506.1005
12528,156784.8556
5128,293657.4
13462,229003.2912
5845,170054.7893
6872,257999.4573
8821,232260.7891
5106,177605.2487
8164,320501.9883
5679,226683.6536
2985,160778.0718
2106,175826.4273
12494,323189.495
15150,147773.9851
187,185745.9799
15095,220447.4647
15289,164064.1514
497,179618.2687
10048,139128.3429
15012,118794.8649
11229,213326.6046
15927,174365.0844
12092,163531.8789
11174,182577.3982
13967,185424.2378
6693,202905.6646
92,248444.4242
13961,125913.3815
16220,382440.0135
13333,229359.7689
7730,173051.2176
15250,152457.7328
16392,200037.3343
14544,165891.1136
7261,202060.5373
16105,173107.1001
2984,141851.4579
3162,215181.1701
2260,172574.3758
7004,304732.3322
452,184147.3243
7828,266979.2441
626,199141.7056
4583,254623.795
3725,112492.1093
5894,196540.7753
3316,209990.7693
6887,172290.3631
2492,292074.7088
9133,201161.4533
15655,186167.7029
12639,217702.9248
3848,129137.6796
11820,210564.3867
15254,199335.7119
10750,93747.81817
1156,301518.5672
2910,185065.1277
8591,278037.4829
14247,226333.8481
1425,145454.1476
16660,184066.1429
1837,187074.6484
6461,180317.354
2580,180698.121
1052,140848.8008
577,326205.4633
2825,298860.4197
2746,375420.2708
2291,342030.7554
10962,210741.348
8547,187031.3694
10019,171129.5699
756,331895.8683
1709,311379.8378
9076,219618.1738
3211,157689.4848
2535,147101.0105
10943,168513.2928
4830,155211.0783
9928,140867.9182
16143,215485.8641
16784,232741.8587
16434,247873.5109
436,152427.8431
1226,262917.4371
1259,357909.6705
15299,136544.988
4343,138014.3018
14661,173759.0939
1988,175300.8138
10173,164703.6299
11746,190474.0605
8412,169069.3412
9281,155431.8569
6246,195196.3002
5440,187870.1369
15301,209845.6905
1223,182642.8607
2714,292816.9808
3077,96909.77465
5549,184449.2845
16626,260329.2227
382,158231.4072
5635,66384.01034
186,244226.1457
4839,125784.4879
433,242942.6222
7210,126290.6935
15243,260526.6854
9993,185732.8231
7529,115944.9793
14506,159508.238
5807,194550.7662
2373,220800.0185
13618,85217.71767
9908,168950.4518
5404,209509.5145
11023,193274.2407
9678,187637.021
6160,219184.7306
4181,141836.5733
4230,139747.4307
13858,139546.3337
15871,291749.6072
7564,394065.0333
14463,397701.451
15115,203341.4736
7533,183140.4971
9862,172683.7581
5708,341555.6309
272,205670.3386
4612,204579.6979
13336,192176.9586
13944,176687.7487
3517,183797.9321
422,328638.2061
12769,160296.7904
16079,301519.4579
4398,219667.9979
8250,127632.5888
8900,171472.3431
10819,222522.4988
10551,178229.0777
3418,347220.4827
3889,159903.0557
1186,199313.9289
15227,384887.3377
13432,245725.5879
10654,292934.4412
7306,170664.552
16325,223300.7401
7510,245126.1679
7237,127427.7262
11812,382333.2458
7823,185426.9851
10691,239829.755
12699,69900.52013
914,199881.695
12160,218437.7253
4600,228263.3136
5649,150433.0565
4896,194642.8817
800,215178.0847
10111,179060.8498
3690,201400.0392
10150,315640.7842
8099,143949.235
9526,199556.7544
7301,260709.4537
655,102142.3816
6187,383292.7589
839,215220.8786
10505,150859.0619
3830,122765.1114
11301,157943.6266
11895,185475.615
3102,121122.4866
12351,124116.1621
15378,389174.4082
9593,241378.0583
5302,142264.8508
7585,391611.9256
6785,178167.372
3611,286361.3354
15888,157567.7484
13152,189777.1825
6208,183716.1687
13734,149776.7595
9212,312649.8809
6098,260180.4311
12314,224917.8826
8848,204316.8208
8951,176268.1157
13572,136570.2156
15907,280662.4051
12325,171759.8245
14000,272953.2202
9515,165190.5616
4514,237242.9652
11968,340037.9709
12452,196990.1763
2163,227510.3104
14538,184198.4999
11324,184641.0746
10441,175939.5916
1952,169678.0833
11680,161935.7986
16190,263769.7059
7649,166838.6468
5839,127333.8072
4659,167028.1532
2273,351595.5022
1829,149260.3758
3776,241616.2643
6607,140717.9027
10395,130914.8082
10667,329529.2427
10950,219498.7105
6339,180297.4982
12038,294547.951
16128,182860.6632
9406,277543.8156
13386,177678.6851
13063,212714.4095
7319,147837.3876
11475,138782.1734
4109,166447.3677
466,168859.214
7169,132700.8682
450,169762.8074
509,265325.7346
14114,218909.7354
10865,151395.7158
3497,192390.3864
9089,210488.8466
13675,179176.1185
6672,210243.9584
5464,179137.014
16267,183734.2206
6372,268623.4949
4499,221604.298
16547,194531.8951
11454,383351.5163
16645,375369.8752
9569,203695.5876
3279,260545.4488
12042,187301.5584
2547,192748.6988
16013,248067.5568
12929,202817.2519
12343,243098.9198
10359,197509.8335
12543,226266.291
14928,427804.4728
11319,199218.0734
14724,214756.7079
2850,194590.8753
10775,300723.9118
8462,198580.2565
4724,227601.6209
6723,180955.1283
14180,176535.8303
5593,452846.6487
9151,499076.5517
8697,268986.3846
10758,347549.8374
4276,246145.0887
13655,315244.0343
13674,201552.2685
10057,130370.0079
10732,165618.3121
160,181628.2806
7451,188315.2284
3512,368466.4958
3925,159170.0107
14897,140532.4092
15963,223236.2447
13805,105158.002
6894,152062.233
14327,161691.6781
11838,124075.8892
12255,174945.7572
6587,171954.7003
6923,161763.46
8885,160250.4667
10486,126336.7993
4722,314327.0221
14740,199386.7446
4754,154983.4904
8674,194400.3078
13252,183346.6924
1905,166277.8456
8585,195401.104
11503,187350.7304
8979,205816.5231
3879,245787.5165
5165,170050.8938
4200,188811.4757
15206,148146.843
927,205974.1658
13132,190490.1032
8640,243244.3401
14157,200968.1664
2991,353000.2529
15401,215070.2309
16356,194549.7781
10857,109019.6032
5651,172639.9963
14405,209838.4888
9176,288746.9863
16326,151776.1794
10397,197663.5104
14371,152761.5096
10577,140355.1168
10605,231787.723
8441,183144.8358
9546,115757.7848
15433,235290.3865
14106,183351.088
13791,280074.0353
123,237689.5179
6786,184148.0925
4618,137771.3321
6750,170522.859
2188,155619.8849
4729,204096.213
11082,143875.4347
947,297963.1541
1066,174713.874
13916,380485.8358
13134,339781.1122
15755,145518.598
14683,251884.7423
5590,174307.0849
11704,243226.6807
11544,171158.086
9457,165073.1781
336,224946.9625
8667,323540.8787
9989,386517.5062
3786,87744.43585
1467,334336.6723
15239,293587.2548
6380,217071.9993
15200,347293.562
10378,305313.1771
9867,215484.9052
12443,205664.0884
15298,385614.2627
9136,182870.3999
6713,263143.4784
15472,191767.2957
4064,182628.2382
13576,222841.1231
10634,327961.2857
13257,122156.1008
14535,215119.3862
13262,413461.5638
13852,128015.172
3238,187871.1742
2029,180739.5727
1542,277997.2882
5796,178399.2227
6273,216090.6213
8207,87769.43745
13913,169950.5608
14113,111863.5631
11094,156570.367
3598,362896.7719
11881,167183.527
4186,276255.5556
105,279764.5821
12712,180739.4052
10699,200636.204
1522,114332.835
6406,145725.2072
2600,280855.4427
12800,202090.4478
14794,167447.3708
832,155124.5609
11005,202196.542
1329,144084.0453
9621,115763.0682
3543,243806.2761
1234,213059.7575
14715,176671.7217
13218,262455.3853
12522,108188.1173
15168,225662.8349
3344,169570.07
7989,156061.3526
13592,407383.8658
2349,100657.4672
87,66189.33911
3648,179697.903
15383,179654.7805
4245,131457.482
3037,355094.3675
4963,220658.0249
12513,200403.8139
11906,245654.2895
6321,247584.7123
15889,179272.0586
16390,181234.4376
11080,240679.6198
4201,101139.6616
3696,190298.5251
15188,277223.0152
1475,386843.3806
15248,374897.0765
5836,189456.1916
621,312360.7049
15618,128847.2542
11070,468061.4794
5126,292305.0022
3191,245676.7093
4786,224092.4125
6620,203330.51
9169,187436.8424
15908,212517.8252
5512,154081.4919
16496,233052.3188
4052,262783.713
1158,195123.282
5860,149478.777
907,193643.7302
10880,281009.1366
2406,342309.0264
16135,207701.5638
16655,241985.0292
15009,148625.8254
9075,144596.7514
15211,216956.8507
11972,172890.4243
7343,154283.2228
10693,230874.1406
16611,145197.8307
11189,134881.6793
14873,199400.0595
2863,197410.9918
1616,130772.6153
6932,114758.0438
10136,140632.6425
430,195369.9811
2978,210372.4785
9667,158794.0909
1215,127533.1131
8651,136931.3733
11529,145682.1172
14115,192243.8333
13842,110555.5049
12668,187300.5644
11298,201161.4533
14801,202570.9376
12346,252330.0341
7741,182393.6044
9160,178454.4568
4285,201684.3561
1738,244269.0744
16527,184228.423
11797,101099.5633
11537,130153.0694
11661,146763.3825
16296,301350.7644
9835,184943.1396
11551,177611.2502
7868,447051.8799
6828,139750.0312
4870,162962.0147
14037,205102.9836
10255,260070.4232
13980,137455.6427
12720,178761.1128
4391,133617.4558
15559,157494.1651
11971,175507.2822
1294,205083.4574
4639,225358.8534
10815,237333.4485
12270,159535.7161
9322,236409.7813
14633,157186.1274
3733,186187.1096
9311,153118.3956
14855,288591.341
13819,136996.433
912,270504.7973
13565,132864.676
5546,244361.4698
14337,204898.7638
5902,165411.9231
3939,182357.3428
12958,163176.8019
6810,164691.6624
6464,338216.4294
15753,251558.3842
8295,206649.9732
4190,137088.2044
13160,185305.6329
11609,284609.9744
6477,150793.824
7833,169878.9585
8088,240662.0821
7090,185995.6513
4818,200597.1896
3010,215479.5499
2954,255754.4806
16552,179156.4732
563,199075.2647
13208,232891.0546
12886,126567.8003
9235,145290.4091
2397,269977.0402
3059,180993.1712
8245,188497.7457
11636,176060.5214
694,229583.7135
7222,182848.4767
13986,295407.5911
6083,111136.7721
9782,175610.9267
13060,232559.8327
6144,262070.3957
15637,218695.1434
987,398027.6212
10696,288345.2761
5319,140973.5569
16119,316836.2148
8198,125915.4352
14721,234694.5269
4704,223739.2668
8806,300098.6304
14764,142312.5852
14233,125784.4879
14252,259866.1063
9139,130425.083
9297,213417.1745
8288,154907.7462
4879,304541.5994
6384,183007.0351
7438,201284.9958
116,228696.3613
364,167931.3528
2690,180603.1944
2193,413088.6886
1228,183361.5209
7607,238702.5709
6378,176286.9831
16520,195305.1448
7737,224241.0622
15652,140709.8124
15578,156192.9951
10823,127795.9854
11027,119110.9357
7076,187859.1006
6451,240921.2902
15589,168647.8026
9532,169537.9748
4148,198027.2309
1222,311524.3508
8066,198086.7923
2227,147504.7814
8814,302230.8214
7121,171854.8158
8265,114490.1961
2848,185256.501
7971,163659.583
15812,216967.7957
2238,198788.725
11569,191240.2524
13631,166542.1721
13209,183444.1066
5448,199718.9293
5974,390429.3716
10379,167875.0744
13829,169164.646
7552,476955.0097
11205,135827.913
12787,176709.9854
12773,421557.7801
1501,274590.8382
3650,191866.6725
14850,200531.7073
8174,102955.3371
5565,195008.5879
11832,177319.1305
15866,151533.9955
8742,116858.1609
5271,146486.591
11697,251714.6926
13516,181304.8707
6408,246998.0298
15545,205964.218
11148,128013.3665
1585,286952.0141
4609,173379.2578
3174,307516.4482
13784,262084.2411
7889,110815.7851
9385,252742.8478
4058,113855.2549
6783,199128.2042
14676,141112.242
3284,139189.1344
4988,177172.8059
13369,171407.9267
10107,239852.3464
11456,121769.1161
5837,436448.5096
2637,171953.9508
10785,283917.4296
109,396884.2014
5968,71658.43199
976,144994.4792
882,140499.9183
624,148251.937
11904,326619.7975
15314,114346.8991
6579,105161.1307
9199,156872.7741
12611,140752.803
2898,255593.6965
8461,217336.7337
15020,222324.2104
5652,127768.9416
14262,197753.4929
10156,311803.2665
4461,178666.2252
16666,250791.2816
15818,172660.9235
4940,214395.8554
9403,177992.3186
13638,251253.4618
6918,187639.9471
16307,169448.3251
4133,111174.7592
12316,167257.4331
1655,292196.5287
9398,217578.4221
4271,204040.7252
7584,258472.7541
16502,420442.1364
7732,182144.0784
14812,237995.4706
5083,234450.5232
4385,275710.5701
4024,180082.4826
5925,122786.6624
5603,246300.8633
9172,234700.8491
9485,240679.6198
337,151923.4244
9767,178184.1039
8228,207883.1308
14346,170348.43
8946,184749.1667
11285,277565.305
10588,301519.5838
16737,184656.946
2262,306077.514
12102,211775.4965
9851,116712.2882
941,222783.3055
10571,245925.6591
11487,315704.0715
12137,423963.9516
10549,126966.3515
11359,137823.4695
7724,154257.6931
6877,128783.8017
12946,131269.361
10555,356760.7693
2733,133528.5829
734,174933.1095
4572,150314.3879
9888,344257.3853
5547,99435.2712
9473,140918.9843
10427,343990.6396
12081,233169.9351
10888,331131.7327
4834,174816.95
7141,145035.4667
3282,144663.0388
10028,425322.3839
13941,151816.4001
3897,145492.2322
3838,144037.5705
15315,125495.3007
4623,334870.7875
1119,232296.4646
6031,214866.119
8516,127567.4049
9415,173974.4378
10798,114917.6727
13666,131528.4719
11068,308676.952
1489,157367.1466
9467,320925.3913
1946,269174.6877
6511,148037.9807
306,183390.7693
2837,253798.5323
9949,181869.3752
12571,256601.6949
9991,209330.4748
10974,212819.3466
5102,232317.8385
15565,140848.8008
8320,201517.0609
4205,233107.5908
14341,170760.3476
12738,314051.6624
7959,106997.427
15526,299048.3466
9391,200457.049
13904,140784.6143
5423,162683.203
7852,171642.2943
16525,85921.78302
3823,98403.94581
1858,197479.0101
8638,219675.1092
5777,185026.5963
10277,190962.8797
8002,311244.7305
11877,200705.5863
3964,200215.7558
16783,263829.4987
9896,205107.587
1733,156483.9608
12470,248592.8269
12569,282303.6219
744,165337.8157
13608,202830.8197
3980,237351.5635
13468,154308.6718
15482,256581.2126
4135,153433.0812
8982,227956.6964
1928,196237.7409
12408,182756.2592
2316,76000.06278
3340,172408.0149
7512,125815.7093
10170,246221.2636
2558,140658.1929
16236,167926.6442
9115,91363.20469
11183,397970.5509
6603,233308.3609
8548,361999.8844
13883,178245.2038
10766,245558.6624
9575,276564.9273
12048,181016.6922
928,202901.6103
3068,238717.4226
7603,180491.4726
12725,168302.6123
14089,152930.6576
13055,186321.9556
16602,183589.0258
2797,261763.8095
7467,120697.7666
651,188191.9201
16374,181247.3269
16544,161595.285
3098,177525.8851
3015,194139.0072
13224,189131.0157
11299,182750.3413
14583,129026.2659
4033,136931.3733
12076,233564.8755
15017,162692.7491
13881,216338.2189
13000,181974.9403
676,239612.6916
6331,352195.6409
7681,212169.0352
1435,275882.5617
2966,231794.4819
5825,255986.7305
5422,413480.3343
1663,169319.5403
15561,146854.3535
10062,262538.4413
6476,180952.6142
1957,174656.8059
10795,177633.0856
16197,108397.295
14421,236278.2607
12994,196923.1598
3493,177910.4318
11545,158005.9161
6726,145401.2556
9513,206085.9158
12556,122020.164
9553,151532.794
3734,294541.4821
3109,274596.2579
16319,202184.305
5959,214320.4113
6683,238988.7979
9438,174330.331
15857,246380.8946
2421,244711.9258
11540,208695.3441
264,210118.1316
16561,236222.9267
12288,194135.9958
9570,191653.166
5936,176007.3943
11390,119445.6194
6551,195743.0242
3946,205592.3681
7746,192033.1012
2838,179790.7207
2472,205715.2112
3520,177189.0468
1341,296085.3296
3910,344491.551
5208,149046.2856
12599,173879.1514
2475,249909.5476
10966,176709.9854
5910,228631.2013
11910,203688.4679
16221,109403.9355
10591,154241.2765
3744,213183.4461
6618,317259.8595
8676,466129.7009
11193,178613.5797
12659,240679.6198
14101,166558.5864
14483,162934.6538
8107,244627.1361
10681,180633.2589
10126,259081.6938
4527,247342.9623
16537,218802.0216
15403,204138.7395
11124,370382.2164
7468,152212.0057
3172,181413.4245
15847,168850.7216
8211,448947.9465
9459,246415.4302
5903,197457.2233
7232,134423.0164
3180,182687.3577
7147,349612.917
10105,172739.3109
7338,124643.2572
2446,235588.8075
6466,128707.5499
5782,140780.8129
6526,111048.7044
14982,171852.2486
14639,224501.8257
16052,207192.3372
12587,166145.2493
13192,74902.89685
9342,272566.4076
6052,131084.0986
7987,187344.4716
12165,203773.6547
15151,224681.6519
16728,175879.7073
12735,231865.406
939,171669.4888
10983,164415.9233
1385,143003.0742
1892,173310.524
8352,115425.8308
79,178505.615
7171,176491.9131
6194,247094.3777
6973,153797.2313
13786,174825.5206
2578,282212.6722
11344,173377.9076
14536,241780.9365
13518,195892.9327
15855,262045.151
4387,233469.5206
1596,230237.4154
4699,366987.0115
4559,379753.0798
6613,197299.6538
7489,128917.8501
2127,198982.5458
16668,298390.3853
5919,111679.3082
7696,159529.9639
12287,239284.9621
1053,248744.9593
7924,213718.9117
16365,227903.0714
13988,406057.7667
7415,226533.0198
6661,134901.1915
14496,175221.2343
15112,171794.6472
16444,174249.2165
8992,180575.3945
11054,341838.3474
3570,133557.7271
11016,68441.91273
10455,152998.1605
10478,215564.6606
7751,172314.0379
7913,425947.0554
4883,193340.969
12728,393261.1536
11482,186536.3378
12561,152387.7762
2207,226485.1811
11946,148570.8819
10552,262059.4123
14673,140742.4783
6914,167208.7253
15988,136513.911
3878,188173.5378
13937,183706.0943
11208,202576.4425
3466,108809.8949
2799,164147.5949
13802,236365.3934
15790,143047.6196
845,259620.3873
13261,197620.7643
9986,187001.1466
4771,244477.6036
11763,285018.8182
13249,334036.2916
15982,212459.9329
5295,155303.8469
2828,252055.7275
12717,246788.5329
14541,146027.833
12898,149390.0749
15190,239936.6784
13553,202856.5928
11589,271354.7935
13168,203740.677
14224,179101.6185
11844,241903.3769
14578,144567.9244
6770,257640.6884
1003,126918.9087
6716,155450.716
6204,313925.7211
10213,288876.5827
2961,196365.9918
14134,182550.7459
9134,171986.9071
9906,266241.1934
12114,182930.4623
12706,170833.2179
192,179562.0628
11022,229238.1933
14712,298435.6298
2659,469508.7585
7602,199776.8103
3009,125471.1729
4533,344610.6166
5620,166317.3816
12312,146821.0802
10896,173013.1285
7532,182496.3217
5696,466984.4324
10743,327850.1425
16708,170830.4599
5430,160533.054
4362,188604.6216
15599,182994.8183
8197,138298.9882
8502,84987.77989
554,99189.42312
16301,161314.6754
6206,355433.0669
10523,192508.1477
7221,191010.2794
5906,181795.5343
6724,151839.8565
9167,202233.0602
10380,225545.6588
6209,159883.0407
14298,119950.121
6854,166835.8299
15218,172224.0643
5081,186408.664
14572,220546.9188
7743,215550.6755
11071,249743.2027
10673,164437.3878
16276,334408.1014
2840,192131.7956
14414,395889.7348
15739,158006.0568
4743,128630.3802
3156,358451.6084
14879,177153.199
758,141755.1196
14304,179015.4294
1210,339986.1365
1137,191145.8404
6026,201604.3406
841,134432.8915
3993,144839.9528
16554,285518.0368
27,147655.1037
13015,200705.5863
9428,145752.0373
6885,187328.1632
2410,175446.2841
743,240905.5619
9361,325430.8771
14016,174921.5422
5040,390280.1194
14255,157545.8137
291,201020.7261
3937,194522.098
13374,273480.5428
14948,218173.1327
37,117292.9284
8226,260367.1363
9547,144136.6393
1000,229442.8774
12406,144717.5507
8314,224314.1956
960,140862.9039
31,183014.8577
5905,134504.3621
15833,456439.0524
8146,242601.7371
16718,164954.5658
2231,169973.9973
11286,199905.2983
8275,145035.4667
16706,451437.6145
6594,113805.1007
15521,226696.9413
1131,218542.7809
9595,187209.74
8354,228948.0539
15777,123856.5574
2330,246217.915
13382,169861.563
16721,95178.76014
11393,179344.1459
7009,210454.8334
1474,167028.1532
5816,166076.4992
16032,206433.6117
3422,225673.1795
7231,165907.0338
1565,146658.3756
10574,146042.9661
1107,179405.8539
1458,161504.9768
12716,437730.6024
14039,154955.3437
7099,217310.2403
4498,260215.8988
16394,106625.039
8760,183322.0039
5016,113177.9536
1097,82884.15658
5433,175363.2651
7847,193543.7871
2903,350164.3304
15929,213786.0738
9066,439007.9661
16152,201066.0263
12383,191156.2646
7591,300601.7643
15435,144608.6898
1556,265146.0322
10644,239920.9868
5333,173632.4106
4266,246618.1758
7946,253936.1712
15594,187816.5429
12127,216859.943
7697,279860.6772
10020,188339.6979
8999,174860.352
15708,163341.9083
510,194391.4167
7239,127168.4448
414,337448.1282
9095,162244.0623
6136,204873.4697
12482,236592.3518
1254,130026.3112
12989,215478.2739
2923,346197.2155
13845,122774.7587
11169,171391.8075
3031,439146.2252
12704,268997.8946
3430,173400.161
4483,185586.5199
1438,171941.7385
7790,148699.372
10260,182860.6632
8340,178431.5868
11099,154248.5093
4392,151395.7158
1551,194134.6126
6566,253450.356
12689,177132.1953
16117,173662.8134
2800,279261.1528
7779,242097.255
4546,150678.7111
16734,218728.8655
2506,144270.3093
12457,170026.7459
14626,119993.601
9816,195260.9717
5055,146328.161
13894,171854.2874
2676,203210.1751
13860,154907.7462
3029,192297.7388
5048,250446.7423
12857,178709.4947
15813,135994.5774
9973,185040.1742
6664,279933.0073
2764,223265.4448
10746,129306.375
1068,239737.4306
6797,206988.8682
384,131112.0234
16012,78746.30318
10891,271579.9986
1110,122295.7116
10284,351055.2246
15508,188896.688
6000,75758.03582
15275,199765.2162
5312,124277.4623
391,154329.8316
10154,171817.1514
7256,199851.2159
7947,173991.8366
4097,158211.5256
1526,204813.0651
16261,254242.8504
8470,163437.6622
3270,195536.7513
11212,263249.9186
1261,201221.1152
13456,129799.6228
3862,199881.695
13241,204539.2177
8526,201138.4525
5013,222126.7944
10205,316150.5864
1346,219776.5443
12977,234771.6101
10073,156657.3787
9623,239975.4542
10590,183323.5762
2773,219353.6952
4444,226295.061
442,174421.7981
8376,240564.3677
13461,186078.1467
13229,175398.024
8718,175662.441
12847,175759.0138
12117,224713.0738
14510,120921.7182
9254,277973.0622
16290,223312.4098
3936,219633.7465
12526,177304.6368
7302,222872.2965
3268,190547.4369
13230,245477.3505
12695,200968.1664
14761,251122.1387
15771,224179.6276
12598,247458.7915
15357,167371.3175
9874,114943.3389
7582,205024.398
16604,439031.7505
2023,150425.3022
13932,171306.2141
13300,94457.07414
14040,188123.0815
12612,192986.2063
14843,316644.2999
5242,132048.7105
1343,143003.0742
14576,180114.3161
6257,123177.1678
25,177307.2975
11043,195366.3789
5047,75591.75024
16080,258868.5161
2161,248562.6432
2444,145151.4077
5459,242983.3903
9033,141404.6614
11539,197276.3486
14256,180088.3951
9219,199209.5978
13840,208288.2035
4848,255419.0349
227,158947.4938
6238,188618.9513
15530,177725.6631
594,152308.5047
14505,107370.0993
11748,251562.1005
13771,172632.3399
5778,223519.6828
9820,111908.3599
14066,225821.1979
8498,208667.1846
6058,219538.2725
13661,200766.013
7992,196127.1029
10264,101603.4445
6924,180566.9978
9183,171698.5087
13325,208787.9539
10467,72903.00884
998,211359.9454
3700,207065.1926
5094,232824.9446
11643,149809.2655
8496,169612.0733
16487,117882.0652
7810,264738.8208
15418,172980.4221
16355,221328.0451
3194,189803.8009
9278,218473.1195
2707,149096.9661
5688,350598.1409
7883,203807.2194
5250,144093.1826
12794,216166.0732
15958,341900.1887
68,215899.3263
9505,176690.6167
4162,191059.4828
14730,146718.1595
14671,386574.7244
13981,238282.8613
4445,260758.5946
15067,136898.321
444,207972.4412
1613,185258.1419
8509,360820.3751
877,134196.5786
5170,287491.8675
9846,372254.2913
5915,186711.1
12459,233202.6392
11318,214609.4356
16009,239074.7528
14466,315533.7965
7896,180811.5446
11280,179670.0491
15529,261306.6532
3859,349519.1731
16193,183200.8503
8796,140499.9183
13010,188610.5581
8672,131885.5628
16756,130922.1052
6929,307907.2505
6288,253855.4488
2842,207482.9407
13446,518273.6137
10235,170002.5642
7654,242922.6237
15967,240256.5524
8048,189929.4717
4253,300202.4806
8004,259628.5726
1397,211705.4851
4799,323834.458
8558,149080.8025
6060,188844.2897
5608,172169.296
10515,273992.0782
8931,224149.6797
2396,219180.8799
4022,207130.0392
12471,242631.2807
1711,205933.8315
11430,200374.7082
9829,208465.094
4425,205571.1347
9803,321650.0346
4651,338268.5981
2189,289534.45
6368,238553.6205
6568,289058.8026
13827,72167.89362
4375,324267.9295
5622,211210.6406
10559,113796.7326
10985,276903.9124
159,315828.3354
9038,200968.1664
9382,396692.7179
11998,217804.6728
5184,233345.8745
10542,161719.5708
3537,71449.43512
13475,149104.3152
15536,330868.5148
6948,245819.8635
2888,275506.1728
2830,220989.0547
12064,176127.8287
8922,221074.4911
16427,223468.517
14051,98365.35921
3251,309940.5463
14202,158777.5864
13756,127872.7527
1421,121859.1885
14187,200380.8992
10166,229368.8721
4923,102683.1786
11570,156349.0721
9844,167774.324
918,150312.8676
8919,239449.719
8818,150084.7143
2949,200283.965
2423,133102.2636
15361,163948.723
13254,110515.3384
9692,195498.7729
7271,285575.3533
2017,210852.1486
4036,149484.4319
11373,217416.579
13377,266414.9116
9977,181910.8373
7410,155798.0423
11817,234953.6589
2573,180186.3264
6543,183188.2758
8819,181759.4689
312,128138.7056
14517,191764.5863
15090,176836.4904
10789,174407.8197
1910,193919.7422
14652,167421.0073
13121,264821.8436
5125,266987.7585
1959,202536.1935
12034,339655.9137
15595,116980.5975
6153,129821.6275
4053,188948.235
10877,232478.8439
4529,189206.7788
10158,202813.5239
9236,199700.8798
5299,307397.4881
13059,218638.9686
11152,260238.6703
11914,330346.3248
2442,355975.1765
7044,174045.1074
5893,183277.6655
5035,121819.1323
979,298800.1605
3409,184775.838
6675,186405.132
11650,255122.2545
5611,136849.7443
5956,172707.3229
16435,210881.4541
14599,174397.439
4215,201011.4385
8873,138385.4102
14918,216515.814
10011,167886.3628
11446,206451.4752
1535,166527.675
14241,193826.1076
9543,192100.5677
10979,178533.3886
14215,410923.9628
12365,192497.1387
6681,196404.3629
2924,241571.7794
6445,234451.8697
12032,194134.6126
10702,195884.363
2974,169578.5559
3877,175087.5878
15147,150656.3025
15984,203118.5777
2324,399913.9509
7499,213583.858
3801,275726.1904
4284,255412.6299
9329,179828.2422
3120,249879.6625
2531,132784.7583
13762,131237.9967
3691,165524.1195
8058,187763.1134
4897,165130.5943
14925,182939.2528
4330,136390.9903
5453,204454.5604
6559,214865.011
425,334255.7653
14024,183166.8975
10413,152607.9682
15294,187768.8444
2821,258394.3887
11509,117122.8732
9074,170430.7922
16091,328909.5786
3642,196339.7313
16124,188846.3643
16449,170014.0095
8684,185180.6755
2392,270015.7159
12234,213764.1576
14199,114277.4726
834,308412.8749
1484,183277.6655
15653,143103.0259
11663,181315.3371
15397,352776.5744
11385,186268.6863
10151,185424.2378
13263,122805.8403
4505,239146.8741
1851,145366.0681
15471,139419.9367
6560,211154.1681
4007,291628.3473
10251,198788.47
265,221290.1356
14770,181712.1632
1353,254052.7699
16335,222907.6961
10859,189508.1873
641,198483.9298
11985,205933.8315
8076,179103.8787
14160,163114.836
12506,265058.6626
8809,195899.4496
6957,157856.5401
4478,129902.8496
4749,226337.0879
12322,178075.6503
13910,153659.0889
8252,198188.814
2431,289049.2698
12670,111637.7334
7537,151776.7427
4637,255606.6888
2538,180730.7679
15290,208988.1264
16072,232984.9729
16740,125784.4879
6078,175987.378
16723,157050.7834
3847,216263.046
5999,82460.32025
7678,246005.0618
4862,151490.6783
12468,149389.9123
13409,413768.4232
12380,228795.8608
8962,127366.1425
11004,218037.0197
792,161959.8184
5687,257195.0993
3906,124650.0965
13554,126782.4119
5863,117702.0758
13459,139579.3854
12378,245807.4899
9935,177427.6081
5674,172123.3577
4535,197871.3848
12310,333233.7236
7048,163206.5844
1143,254762.2606
16085,171400.6682
5358,175280.5682
7100,199809.3107
10384,181906.2618
5006,192951.9621
7371,137978.7556
4720,162877.0961
7577,251564.2557
15196,194359.7042
8467,279413.2279
5251,132724.0572
9220,137681.5623
2151,171268.8726
8081,241977.2602
15824,170975.5869
10545,261738.2742
13403,305706.94
1559,71390.47269
16795,171000.3913
6293,183844.4142
16024,203021.1027
12167,185424.2378
3078,131596.0242
6736,189997.1913
12124,322203.9504
6489,282067.531
2778,199843.1793
13074,152461.5476
4075,139710.6443
15195,242097.255
3160,139706.9321
1272,219245.2772
14776,239817.1936
8497,207029.3118
4,245214.8902
15732,299894.1879
9111,229876.8296
10748,174118.1995
8944,179710.167
1906,169100.1259
11283,110782.0617
14269,128880.1347
16232,179679.7299
1839,305514.3163
7894,394911.6199
5703,180987.7006
1347,296194.4613
4849,72416.88013
5618,144137.5616
9672,225468.2112
2638,138924.3718
1962,363193.6304
11717,206624.3423
13358,258550.7721
8258,70063.64324
8822,210102.7417
2927,176872.4376
14741,209359.7788
8216,139588.4941
12317,125672.6772
13133,246737.0317
1286,170969.088
13116,128010.9662
9198,125362.4296
13679,193189.364
13877,152429.483
5946,131294.6415
7428,205024.398
1073,350799.2822
13970,177894.3983
8466,184193.0606
13135,179641.9498
1778,194218.2267
195,218131.9686
8973,120183.7218
10674,142971.6733
12350,124865.9284
10295,137741.9855
7251,276849.7528
9245,200088.8855
9126,135509.7508
7740,241220.1545
8956,192678.9635
13686,157156.4426
2864,179221.7616
7110,136269.4531
11331,185535.1178
16637,179578.6423
4580,350977.3645
8909,329306.4998
11932,220786.4997
5243,175293.9264
13419,252388.0216
3459,244615.4474
7053,428245.9666
14691,291275.0402
12535,133686.0037
560,310644.432
7514,233546.5548
5305,172619.9473
11231,229488.728
8803,132847.0843
9791,164761.3199
130,178765.5383
5874,422049.048
1440,172439.1248
6474,174028.1548
12168,188781.5032
13187,213133.2389
9831,217878.5534
15943,196151.0846
15846,169085.0483
1402,199776.8103
4968,257925.2701
5131,190999.1546
15580,111740.2509
10869,190546.2888
4679,139388.919
13908,144689.8778
13489,249577.7124
16352,115677.2184
5691,178074.4054
8780,242104.3094
11933,336984.4034
4136,359589.396
12873,193143.3309
13330,219042.7243
797,122176.0584
6450,413843.5029
10056,154750.3712
1050,127924.5168
1202,179123.1297
6680,124386.8807
174,179886.6587
6337,146896.9733
6704,187411.7098
266,136475.0864
9195,113394.4348
14668,114068.7853
9315,233373.4566
469,258311.197
8852,183069.7212
10907,227202.4128
5287,313030.2516
4548,226274.8342
9637,192836.7432
11010,166337.6751
9564,170924.9976
2681,110150.781
6776,171583.8833
8311,205280.6555
6580,165251.7495
14417,162840.7895
3892,193111.1884
4929,157089.5012
7340,242767.2942
13225,178623.2253
5581,115290.6334
8015,100232.0172
13567,127431.4047
10596,199468.7561
11291,149117.6213
10901,235290.1372
9349,251054.5045
4030,314937.5092
8357,176503.1323
829,178440.4592
5529,314103.6783
4134,213416.1709
4867,192659.8957
903,232119.1397
3701,169190.5846
12916,98201.07071
9031,199736.8648
1965,287093.0415
13851,231271.3491
9314,211208.6594
7386,147117.5963
4088,131075.2934
14907,306271.8632
5991,222633.3246
10265,242175.3232
15260,179885.7359
8053,178239.6602
9577,253497.0283
15509,153279.3869
12153,201115.9978
3218,235182.8173
4740,262784.8822
682,182590.1214
12176,284087.7611
12385,152510.0614
2523,84682.26953
5801,177710.192
12751,159741.0913
15121,270777.7676
517,330290.989
4822,234387.5823
1129,281986.4374
12396,177475.3563
11329,242097.255
11856,263705.3215
3653,165311.619
13404,86625.79801
14486,344109.6263
3502,167580.2759
7717,85038.75968
8808,174586.5979
11676,238632.5921
7033,258975.886
1681,181780.0311
6658,139741.2193
959,364085.085
4871,214638.4995
6946,219198.7459
13763,230563.7897
15320,272001.5241
3065,111616.9616
14742,161123.3925
13959,133391.9247
2427,156471.8896
1716,231810.3066
6258,125686.419
16677,152413.4454
206,374486.1694
13659,533559.9211
7782,140658.1929
3308,130954.4627
9073,125615.9028
6342,394905.3286
868,398343.6306
10153,242097.255
16788,163207.7613
14886,148248.9695
4674,189695.151
13599,152107.2455
6851,182798.7758
6443,229047.2976
9903,156657.3787
8321,287451.9823
10686,193381.9322
11106,148278.5305
11845,116569.0629
2439,258705.1863
5461,356858.3784
14559,199046.6487
10215,159434.8193
13566,310116.7554
16563,124449.2412
10492,249333.2239
13847,203914.7819
3607,196375.1017
2844,161254.4842
3499,153066.7761
7478,289694.1237
4728,312107.652
10883,190489.751
13602,83267.81988
3751,143097.7959
10299,176525.7698
13023,170035.1862
14498,153320.4507
13601,124178.3078
5787,140435.3749
7853,160180.0432
2429,266391.7422
2359,259576.9959
13926,236789.4853
4278,158792.026
14307,215903.4893
15677,320114.1478
9,130754.2027
12630,166508.8055
16428,355627.2665
13285,220588.795
7902,131112.0234
866,108307.6678
6077,150312.8676
4015,336996.4292
16350,172965.0825
14793,134331.856
1409,159907.2743
5199,133878.6827
12036,343738.8946
9654,196006.6889
13106,201807.2315
11780,188984.5609
355,211356.4382
6247,141766.2691
1045,213466.3062
4019,314977.4696
2048,211464.3744
14586,84598.96978
6720,205539.3897
5509,126956.0497
8463,194361.8857
3202,296557.8554
6910,162093.5897
5701,347816.6385
1,222266.7303
6853,156350.2095
5386,181915.551
9251,230774.0869
8580,179522.2187
3644,220835.4571
3258,194267.9401
329,216913.7473
5038,183420.9457
2526,191319.5507
2082,345859.9726
11081,160303.3702
3927,196793.9777
12305,178527.9044
10975,228848.4526
2590,206806.1129
9337,172776.8779
9368,164891.0023
16111,158506.731
986,355417.9895
426,176247.766
10040,186135.5322
16463,154466.4448
3704,248562.6432
15406,282173.3727
10035,296588.8128
16251,140797.9171
9520,519880.6353
503,200224.7823
8260,211273.1269
14309,204380.754
16054,300538.2229
3885,257640.6884
5924,152754.7868
12843,175614.0486
14300,140338.0175
12608,241378.6655
11437,152587.7311
9535,149478.777
1528,200092.2431
11518,169578.5559
6401,277698.6453
9129,193606.3017
13069,188659.9887
16607,154484.1532
1473,306486.3948
6085,231697.2265
4067,243830.1036
9178,173406.2813
5090,133301.6823
15046,235504.8044
13621,174330.5161
16065,199938.0023
1944,187350.1464
1060,250933.8081
1764,240715.6654
1705,188604.3839
9961,109540.9615
18,251269.9681
10371,101488.9729
13185,127195.9876
13139,262364.5526
3161,371391.3012
11931,233107.5908
8759,198335.2855
12969,96447.008
14329,210571.7617
3637,195965.5476
1165,95615.15312
9976,167238.0545
16490,201543.6867
2074,310324.2532
15364,311709.1378
11394,331470.1249
10222,240866.0895
5948,118805.9281
7494,166015.3191
6285,232519.6163
15220,139289.6814
3237,143881.2308
3528,209456.3914
6289,323253.9412
15784,210150.637
15321,257785.5423
4562,141642.7352
6402,229638.0796
12688,203807.2194
3536,173783.7675
8426,118965.3737
12434,207453.8585
5645,222064.7521
15080,207925.9757
4677,180893.9526
9818,322088.1485
13496,171872.0668
15682,218679.1095
6284,259392.2457
14342,178062.0453
8109,184948.757
14818,264707.1736
5724,103403.7535
7471,170014.2326
14905,215530.0546
9719,345958.8524
10637,238404.5734
12838,154257.6931
15949,200410.5342
2334,257796.8662
3416,177775.1674
12303,150354.4726
528,177467.6254
980,180883.8343
1298,127943.3218
13728,180534.2731
10842,125615.9028
14596,107822.5535
1899,196024.7824
16380,263954.2484
7855,110126.1458
8147,282083.6394
11469,161172.2691
5779,71281.25779
3389,343271.5032
7885,216509.3638
5254,401701.7619
6383,133062.6192
3498,203972.0892
16166,326408.7017
2413,221723.9488
14653,281822.6683
9345,160088.6861
13711,174612.2506
822,197219.0738
12640,144143.4315
11954,239636.7579
7914,395459.3959
7394,223308.8535
7354,176052.1866
13058,161944.7792
4836,231336.1215
362,134990.8646
9365,143524.6677
211,127004.7411
8543,158430.0309
188,187865.3727
14196,305455.5991
7114,286278.0534
13431,201475.3688
12869,338261.5036
16681,310709.3064
16528,157126.1654
390,364987.5636
11752,164428.5206
4408,150154.5252
3315,156382.2929
16071,205715.2112
16535,69497.73995
12463,238136.8158
12790,206381.1481
11787,139203.8098
14577,227183.4574
4431,247618.5346
10286,131885.5628
1676,282266.1036
13993,254838.3636
4761,198154.0428
14670,214177.6059
4795,231603.936
15411,241909.0468
2909,71275.32508
8236,336843.8402
14017,146854.3535
13974,225735.9209
6513,234754.8844
7695,167383.2295
5286,172918.9411
4902,208308.2396
1124,301731.0014
10436,217895.2812
14749,254406.1597
2609,199371.3276
14548,245357.2893
1566,143329.7506
3649,164966.0317
16101,220550.6089
13095,182461.6049
2779,171142.8059
14203,144629.0325
11019,169576.397
7653,161995.1433
12835,188116.094
9683,271532.3265
6955,125686.419
11504,128499.8877
12110,157474.6625
237,217302.004
2612,200968.1664
8855,267685.0731
8729,137190.0872
11580,190394.2604
13807,219843.5518
5375,226137.5279
16767,320878.7073
14540,211856.3844
255,244077.3623
3586,163560.3581
5671,224615.3251
10311,325799.5592
13280,227087.136
1788,200976.3422
12128,182860.6632
3576,367951.0706
1285,217500.557
13502,174650.3754
6518,222030.8505
1729,170952.0488
5398,159947.8389
12539,246691.7101
1476,176121.0933
5057,234998.3754
5133,222431.0054
2196,312825.731
4041,187125.6271
5252,75735.80235
12879,168886.8229
13210,136382.1057
7390,293284.5131
15942,140021.7064
7054,121203.8216
14632,234589.0452
10208,206253.537
14120,171701.1314
13607,212991.148
9647,212565.2735
12134,171915.5961
8593,155008.1542
16231,141642.7352
12474,164163.1387
11640,148891.0721
1685,128674.5642
4474,152699.4283
15313,112240.6735
1736,136295.9732
16471,158994.1746
12517,211206.4394
15437,205103.1377
3381,194621.4058
16555,141851.4579
15738,199861.3773
2896,112760.5268
11356,338062.4041
9734,154148.0009
1890,153808.0313
15344,198532.0953
13575,153682.5
14595,217701.0219
10567,256206.4565
12889,183067.8654
1213,198804.0934
8841,107803.7473
473,253629.2014
14853,205715.2112
15271,350829.6397
14191,310275.5054
12703,273989.5243
2649,262098.1038
14916,171875.837
8975,111165.2327
12108,201237.6087
6070,165708.9976
15765,163339.2479
3713,115778.0603
1618,230963.2281
13874,175053.3925
4407,127894.3262
8550,191262.5519
15759,283546.9594
7808,136161.1345
1127,205770.0449
13108,301068.1303
4426,180881.277
6175,162231.4682
7903,227027.9118
2076,66189.33911
9924,219455.9437
2322,149260.3758
13844,178938.8191
13871,131978.4788
5908,262430.8517
429,281927.7475
3443,133977.0113
170,168791.8696
9879,227091.3368
15324,221715.3222
15616,180090.4214
14217,172827.8705
5262,160755.372
13426,209451.3967
13286,177537.5043
10464,173528.9273
10881,214539.1068
12776,125784.4879
10664,170105.1988
15237,161850.7264
15999,239180.2313
4816,240250.2785
13856,151246.2081
2701,207733.3685
635,188037.3175
4016,247272.4093
64,211152.6876
4881,199881.695
7017,245358.8691
7184,147017.9463
487,160196.9052
15897,364780.4279
11444,144579.3488
3260,160309.9036
3127,166360.347
7899,146253.2729
5705,199905.2983
12960,247709.0764
4046,171018.3153
2190,259207.862
15787,157638.7023
1926,248174.3628
3944,179862.5595
14709,223387.7947
13046,173576.8575
9845,242953.3937
7432,111100.6777
11524,200413.1822
6393,178049.7355
11323,159467.4035
10352,208618.1971
6811,330539.8035
2606,252946.355
11660,400137.7106
8305,196811.2784
7357,198856.1889
14796,178461.5798
15587,98912.78605
2461,233177.7658
5605,188488.4959
6554,219875.4952
7662,214626.3374
11798,220546.9188
12078,218509.5679
1758,125293.4999
7661,374445.175
3335,185181.967
2854,209765.0581
16659,240679.6198
5241,256525.0571
16469,319527.6234
16098,180511.764
15049,171740.1773
5152,84372.55378
2166,160165.1334
16465,205769.2875
1768,125994.923
8744,223409.8793
10594,174348.8346
1339,150078.8118
6998,197572.9398
723,207672.44
11357,182981.1207
4413,167880.2653
5026,202130.3254
4412,218563.5312
537,150838.7399
10270,121675.8424
9571,235231.458
9969,199043.8032
7822,69730.51988
6621,205971.803
208,182793.274
5195,205388.0516
7032,151756.5419
8263,178612.3968
14719,401184.5496
15622,183973.8677
4259,164944.981
3085,395810.0697
172,182120.8094
7130,134092.6467
8767,164574.5482
3087,166473.1556
4089,285918.1382
11477,127632.5899
2246,187748.9279
1793,172830.0565
1630,180758.5617
1189,116422.657
6050,237958.0596
8752,146854.3535
8963,186856.3906
9671,365845.684
4820,159723.9466
4475,158682.3862
6396,217823.2313
8932,207617.1941
162,170632.4939
10847,140399.1677
5692,380742.817
7316,257461.0494
5485,214820.0945
9780,347347.8823
7307,148342.2387
9739,147563.5752
7426,161927.4343
835,202322.9176
11744,255110.8387
11907,205990.2547
5684,195573.4336
10335,101126.4812
4466,224613.7712
11593,131377.1297
244,193152.6744
15205,243505.6497
6071,173881.5107
9455,402295.2812
15862,232712.0586
8165,197127.9692
5002,194028.4548
5922,246413.3444
16616,250887.2442
7615,188809.956
7911,185289.3944
7748,223019.4154
11265,323769.5529
15820,186451.1585
6648,167799.2741
7117,288980.8236
10262,175516.5641
2853,250062.062
4606,192856.9023
12747,140973.5569
3953,147239.2702
3552,180243.2088
2675,216955.4693
4611,156887.0177
2025,217969.7839
5424,267257.2203
8546,140842.7077
8875,142593.3579
2807,168480.9022
8578,205696.9801
786,347942.621
3945,204536.0977
16733,128533.4194
16191,141479.3431
12669,170077.6888
10493,147972.9395
6671,188131.054
9330,232916.3821
1622,150059.7827
8713,221820.2976
8696,277847.4736
9187,245215.5527
14551,144043.8709
2646,229191.2998
9563,248128.3274
4031,159110.7522
5155,169572.6124
12116,324056.362
3834,366316.755
7785,199676.6178
307,172171.9004
13663,163116.4148
16357,117677.4287
10646,154509.0204
5615,139279.4166
4604,177319.1305
9308,185166.238
16789,231251.8358
15721,192681.4699
4994,473733.7453
5454,148804.2001
4034,201962.9557
1420,189366.5198
6453,143576.2546
8167,186683.8813
11657,255051.4757
14356,353469.8281
2024,195395.7244
7701,108020.2915
6291,179286.3499
789,175831.9344
16315,304145.2649
3677,188413.3566
13309,132486.5749
2088,92401.8514
3707,190505.5821
5240,250536.8385
13197,211330.796
3147,150289.4098
76,357073.6333
14287,151545.7116
7940,223214.2523
2515,108363.5737
4891,224347.0582
7623,326550.2909
10671,330251.4174
13030,174393.7884
14686,242097.255
13272,235548.4481
14954,242648.9933
16264,223866.5164
14461,183977.1436
13107,253336.146
8740,291479.562
2824,234939.1677
1645,139912.5202
15613,161514.9151
4803,215721.5908
971,160757.1794
13952,192387.7405
3320,189476.1791
15110,158005.9161
2440,187741.7901
10462,140867.9182
6011,319299.8168
9405,131817.7465
511,171175.4472
4141,212226.8928
11651,157587.7196
343,208125.7291
14750,231082.8371
3711,169355.1829
6322,154985.7862
6533,243325.0784
6089,256284.837
286,257972.1152
7639,105691.8959
16722,169163.7269
9157,273933.8702
7137,243173.471
6669,287980.1496
3326,241095.0727
5820,157288.9346
11604,208515.4483
16087,218867.7227
5327,215322.7715
13639,230826.3952
349,330447.8253
15181,316697.1171
4821,237985.5922
1740,217448.8861
3450,143488.519
16064,118695.3622
1804,111048.7044
5296,129294.0665
5346,290780.3656
4723,356015.464
417,158417.6084
15756,157166.777
14090,168464.3567
14778,342300.7067
2560,168450.1114
12920,73905.93173
8249,136274.1017
7125,164627.1817
11732,151532.794
13365,264124.6419
5361,348899.1452
15937,287650.8186
2591,179028.1664
15706,188107.6983
2105,213039.8615
7220,323550.7726
14562,194196.0245
6836,172039.1879
8180,247234.4145
4695,128493.5383
5783,316829.8245
4780,184084.7371
12504,175541.4983
